Month,Day,Interval,Calls_Offered_A,Abandoned_Calls_A,Abandoned_Rate_A,CCT_A,Calls_Offered_B,Abandoned_Calls_B,Abandoned_Rate_B,CCT_B,Calls_Offered_C,Abandoned_Calls_C,Abandoned_Rate_C,CCT_C,Calls_Offered_D,Abandoned_Calls_D,Abandoned_Rate_D,CCT_D,_interval_key
August,1,0:00,,,,,,,,,71,0,0.00514,324.28,,,,,0:00
August,1,0:30,,,,,,,,,54,0,0.00539,325.68,,,,,0:30
August,1,1:00,,,,,,,,,39,0,0.005349,312.68,,,,,1:00
August,1,1:30,,,,,,,,,29,0,0.001465,320.05,,,,,1:30
August,1,2:00,,,,,,,,,21,0,0.017864,336.43,,,,,2:00
August,1,2:30,,,,,,,,,18,0,0.016026,318.72,,,,,2:30
August,1,3:00,,,,,,,,,13,1,0.040923,301.88,,,,,3:00
August,1,3:30,,,,,,,,,13,0,0.035688,349.54,,,,,3:30
August,1,4:00,,,,,,,,,12,1,0.057645,363.54,,,,,4:00
August,1,4:30,,,,,,,,,12,0,0.034363,328.15,,,,,4:30
August,1,5:00,,,,,,,,,15,0,0.033357,296.88,,,,,5:00
August,1,5:30,,,,,,,,,21,1,0.033919,245.82,,,,,5:30
August,1,6:00,,,,,,,,,31,1,0.018199,266.66,,,,,6:00
August,1,6:30,,,,,,,,,48,1,0.026857,268.67,,,,,6:30
August,1,7:00,,,,,,,,,83,1,0.011587,271.48,,,,,7:00
August,1,7:30,,,,,,,,,134,2,0.011614,266.38,,,,,7:30
August,1,8:00,,,,,,,,,256,3,0.010866,290.44,,,,,8:00
August,1,8:30,,,,,,,,,376,4,0.010774,304.06,,,,,8:30
August,1,9:00,,,,,,,,,565,7,0.011681,306.08,,,,,9:00
August,1,9:30,,,,,,,,,734,11,0.015589,316.84,,,,,9:30
August,1,10:00,,,,,,,,,845,12,0.013812,318.55,,,,,10:00
August,1,10:30,,,,,,,,,908,15,0.016291,332.42,,,,,10:30
August,1,11:00,,,,,,,,,950,18,0.018682,335.89,,,,,11:00
August,1,11:30,,,,,,,,,980,12,0.011934,338.58,,,,,11:30
August,1,12:00,,,,,,,,,1013,12,0.011934,340.67,,,,,12:00
August,1,12:30,,,,,,,,,1000,13,0.012754,343.28,,,,,12:30
August,1,13:00,,,,,,,,,1006,11,0.011114,343.56,,,,,13:00
August,1,13:30,,,,,,,,,998,8,0.008165,343.33,,,,,13:30
August,1,14:00,,,,,,,,,1014,9,0.008922,341.99,,,,,14:00
August,1,14:30,,,,,,,,,1011,8,0.008133,342.01,,,,,14:30
August,1,15:00,,,,,,,,,1001,7,0.007328,345.63,,,,,15:00
August,1,15:30,,,,,,,,,988,12,0.012647,345.7,,,,,15:30
August,1,16:00,,,,,,,,,961,10,0.010534,344.38,,,,,16:00
August,1,16:30,,,,,,,,,914,4,0.003863,346.75,,,,,16:30
August,1,17:00,,,,,,,,,850,4,0.005111,346.75,,,,,17:00
August,1,17:30,,,,,,,,,793,4,0.005659,348.12,,,,,17:30
August,1,18:00,,,,,,,,,724,6,0.008604,350.21,,,,,18:00
August,1,18:30,,,,,,,,,645,6,0.009808,354.45,,,,,18:30
August,1,19:00,,,,,,,,,569,6,0.009775,349.28,,,,,19:00
August,1,19:30,,,,,,,,,501,3,0.005792,349.94,,,,,19:30
August,1,20:00,,,,,,,,,430,3,0.008101,349.71,,,,,20:00
August,1,20:30,,,,,,,,,362,2,0.006177,345.75,,,,,20:30
August,1,21:00,,,,,,,,,294,2,0.008123,346.39,,,,,21:00
August,1,21:30,,,,,,,,,251,2,0.006533,339.34,,,,,21:30
August,1,22:00,,,,,,,,,212,2,0.007866,336.06,,,,,22:00
August,1,22:30,,,,,,,,,171,1,0.006814,330.39,,,,,22:30
August,1,23:00,,,,,,,,,134,1,0.006723,326.54,,,,,23:00
August,1,23:30,,,,,,,,,105,1,0.006629,328.23,,,,,23:30
August,2,0:00,,,,,,,,,58,0,0.0,333.87,,,,,0:00
August,2,0:30,,,,,,,,,46,0,0.0,342.95,,,,,0:30
August,2,1:00,,,,,,,,,32,0,0.0,291.09,,,,,1:00
August,2,1:30,,,,,,,,,23,0,0.0,292.68,,,,,1:30
August,2,2:00,,,,,,,,,17,0,0.009893,310.91,,,,,2:00
August,2,2:30,,,,,,,,,12,0,0.004752,308.65,,,,,2:30
August,2,3:00,,,,,,,,,7,0,0.035332,328.73,,,,,3:00
August,2,3:30,,,,,,,,,7,0,0.0,407.38,,,,,3:30
August,2,4:00,,,,,,,,,6,0,0.004682,419.32,,,,,4:00
August,2,4:30,,,,,,,,,6,0,0.0,331.76,,,,,4:30
August,2,5:00,,,,,,,,,7,0,0.0,446.03,,,,,5:00
August,2,5:30,,,,,,,,,9,0,0.000801,309.79,,,,,5:30
August,2,6:00,,,,,,,,,13,0,0.010413,289.77,,,,,6:00
August,2,6:30,,,,,,,,,21,0,0.009715,273.94,,,,,6:30
August,2,7:00,,,,,,,,,35,0,0.008156,269.95,,,,,7:00
August,2,7:30,,,,,,,,,60,1,0.009132,257.81,,,,,7:30
August,2,8:00,,,,,,,,,98,1,0.006336,274.5,,,,,8:00
August,2,8:30,,,,,,,,,152,1,0.006184,294.55,,,,,8:30
August,2,9:00,,,,,,,,,213,1,0.005628,288.99,,,,,9:00
August,2,9:30,,,,,,,,,253,2,0.006735,282.32,,,,,9:30
August,2,10:00,,,,,,,,,316,1,0.004255,289.77,,,,,10:00
August,2,10:30,,,,,,,,,370,3,0.008616,297.5,,,,,10:30
August,2,11:00,,,,,,,,,398,4,0.008888,306.43,,,,,11:00
August,2,11:30,,,,,,,,,410,3,0.008528,319.01,,,,,11:30
August,2,12:00,,,,,,,,,474,4,0.007571,318.14,,,,,12:00
August,2,12:30,,,,,,,,,470,4,0.008043,317.37,,,,,12:30
August,2,13:00,,,,,,,,,475,4,0.008307,319.22,,,,,13:00
August,2,13:30,,,,,,,,,469,3,0.006715,319.56,,,,,13:30
August,2,14:00,,,,,,,,,472,2,0.004818,317.9,,,,,14:00
August,2,14:30,,,,,,,,,475,2,0.004834,317.85,,,,,14:30
August,2,15:00,,,,,,,,,471,2,0.003188,322.07,,,,,15:00
August,2,15:30,,,,,,,,,467,2,0.004316,322.07,,,,,15:30
August,2,16:00,,,,,,,,,455,2,0.005052,318.05,,,,,16:00
August,2,16:30,,,,,,,,,450,2,0.00392,320.2,,,,,16:30
August,2,17:00,,,,,,,,,422,1,0.002436,320.2,,,,,17:00
August,2,17:30,,,,,,,,,380,1,0.00269,321.7,,,,,17:30
August,2,18:00,,,,,,,,,351,1,0.002809,322.0,,,,,18:00
August,2,18:30,,,,,,,,,336,2,0.004553,324.38,,,,,18:30
August,2,19:00,,,,,,,,,297,1,0.003344,320.43,,,,,19:00
August,2,19:30,,,,,,,,,274,1,0.004223,320.29,,,,,19:30
August,2,20:00,,,,,,,,,253,1,0.005362,317.72,,,,,20:00
August,2,20:30,,,,,,,,,224,1,0.003191,315.39,,,,,20:30
August,2,21:00,,,,,,,,,184,1,0.004237,316.49,,,,,21:00
August,2,21:30,,,,,,,,,153,1,0.005802,314.82,,,,,21:30
August,2,22:00,,,,,,,,,130,1,0.007062,318.26,,,,,22:00
August,2,22:30,,,,,,,,,110,1,0.006391,314.56,,,,,22:30
August,2,23:00,,,,,,,,,88,1,0.006393,308.64,,,,,23:00
August,2,23:30,,,,,,,,,75,1,0.006734,301.56,,,,,23:30
August,3,0:00,,,,,,,,,65,0,0.003439,341.94,,,,,0:00
August,3,0:30,,,,,,,,,55,0,0.003122,336.72,,,,,0:30
August,3,1:00,,,,,,,,,40,0,0.009843,304.05,,,,,1:00
August,3,1:30,,,,,,,,,31,0,0.014828,316.98,,,,,1:30
August,3,2:00,,,,,,,,,24,1,0.034771,318.14,,,,,2:00
August,3,2:30,,,,,,,,,16,0,0.029555,318.21,,,,,2:30
August,3,3:00,,,,,,,,,9,0,0.036921,308.01,,,,,3:00
August,3,3:30,,,,,,,,,9,0,0.000225,363.17,,,,,3:30
August,3,4:00,,,,,,,,,8,0,0.005034,383.44,,,,,4:00
August,3,4:30,,,,,,,,,8,0,0.0,298.83,,,,,4:30
August,3,5:00,,,,,,,,,10,0,0.0,421.85,,,,,5:00
August,3,5:30,,,,,,,,,13,0,0.001437,294.95,,,,,5:30
August,3,6:00,,,,,,,,,18,0,0.007288,281.34,,,,,6:00
August,3,6:30,,,,,,,,,32,0,0.009394,275.87,,,,,6:30
August,3,7:00,,,,,,,,,66,0,0.005487,279.03,,,,,7:00
August,3,7:30,,,,,,,,,111,1,0.005108,265.55,,,,,7:30
August,3,8:00,,,,,,,,,193,0,0.001255,282.93,,,,,8:00
August,3,8:30,,,,,,,,,259,0,0.00178,297.49,,,,,8:30
August,3,9:00,,,,,,,,,314,0,0.001264,302.6,,,,,9:00
August,3,9:30,,,,,,,,,381,3,0.006889,302.78,,,,,9:30
August,3,10:00,,,,,,,,,488,1,0.002763,309.48,,,,,10:00
August,3,10:30,,,,,,,,,527,4,0.006659,322.04,,,,,10:30
August,3,11:00,,,,,,,,,585,5,0.008188,324.94,,,,,11:00
August,3,11:30,,,,,,,,,613,5,0.007752,324.42,,,,,11:30
August,3,12:00,,,,,,,,,640,4,0.006795,326.88,,,,,12:00
August,3,12:30,,,,,,,,,632,5,0.00821,331.05,,,,,12:30
August,3,13:00,,,,,,,,,623,4,0.0067,335.8,,,,,13:00
August,3,13:30,,,,,,,,,616,3,0.00445,338.6,,,,,13:30
August,3,14:00,,,,,,,,,621,2,0.00342,339.05,,,,,14:00
August,3,14:30,,,,,,,,,628,3,0.005558,339.19,,,,,14:30
August,3,15:00,,,,,,,,,604,2,0.003041,343.98,,,,,15:00
August,3,15:30,,,,,,,,,595,1,0.001689,343.98,,,,,15:30
August,3,16:00,,,,,,,,,574,1,0.001346,345.83,,,,,16:00
August,3,16:30,,,,,,,,,570,0,0.000717,347.77,,,,,16:30
August,3,17:00,,,,,,,,,535,0,0.000891,347.77,,,,,17:00
August,3,17:30,,,,,,,,,497,1,0.001076,347.41,,,,,17:30
August,3,18:00,,,,,,,,,471,1,0.001195,347.41,,,,,18:00
August,3,18:30,,,,,,,,,434,1,0.002549,350.13,,,,,18:30
August,3,19:00,,,,,,,,,382,1,0.002549,346.88,,,,,19:00
August,3,19:30,,,,,,,,,344,2,0.004722,346.22,,,,,19:30
August,3,20:00,,,,,,,,,305,2,0.006584,344.84,,,,,20:00
August,3,20:30,,,,,,,,,275,1,0.002936,339.84,,,,,20:30
August,3,21:00,,,,,,,,,234,1,0.004524,339.98,,,,,21:00
August,3,21:30,,,,,,,,,199,1,0.00412,341.73,,,,,21:30
August,3,22:00,,,,,,,,,168,1,0.006481,340.49,,,,,22:00
August,3,22:30,,,,,,,,,140,1,0.004515,327.03,,,,,22:30
August,3,23:00,,,,,,,,,109,1,0.005146,324.74,,,,,23:00
August,3,23:30,,,,,,,,,86,0,0.005216,318.37,,,,,23:30
August,4,0:00,,,,,,,,,65,1,0.007958,327.7,,,,,0:00
August,4,0:30,,,,,,,,,53,0,0.004805,332.55,,,,,0:30
August,4,1:00,,,,,,,,,36,0,0.001145,318.77,,,,,1:00
August,4,1:30,,,,,,,,,28,0,0.005563,323.33,,,,,1:30
August,4,2:00,,,,,,,,,20,0,0.020699,303.03,,,,,2:00
August,4,2:30,,,,,,,,,17,1,0.038763,306.68,,,,,2:30
August,4,3:00,,,,,,,,,13,0,0.021568,247.66,,,,,3:00
August,4,3:30,,,,,,,,,12,0,0.021979,331.45,,,,,3:30
August,4,4:00,,,,,,,,,13,0,0.034639,344.56,,,,,4:00
August,4,4:30,,,,,,,,,13,0,0.007298,313.15,,,,,4:30
August,4,5:00,,,,,,,,,15,0,0.006467,241.08,,,,,5:00
August,4,5:30,,,,,,,,,19,0,0.003719,248.16,,,,,5:30
August,4,6:00,,,,,,,,,30,0,0.005573,261.19,,,,,6:00
August,4,6:30,,,,,,,,,47,0,0.010552,252.64,,,,,6:30
August,4,7:00,,,,,,,,,93,0,0.003485,249.75,,,,,7:00
August,4,7:30,,,,,,,,,153,1,0.00432,251.54,,,,,7:30
August,4,8:00,,,,,,,,,275,1,0.003674,287.85,,,,,8:00
August,4,8:30,,,,,,,,,401,1,0.00342,294.95,,,,,8:30
August,4,9:00,,,,,,,,,595,4,0.0059,297.06,,,,,9:00
August,4,9:30,,,,,,,,,759,21,0.02719,306.61,,,,,9:30
August,4,10:00,,,,,,,,,888,20,0.022988,325.07,,,,,10:00
August,4,10:30,,,,,,,,,961,25,0.026216,335.27,,,,,10:30
August,4,11:00,,,,,,,,,1037,20,0.019112,337.97,,,,,11:00
August,4,11:30,,,,,,,,,1044,13,0.012293,341.39,,,,,11:30
August,4,12:00,,,,,,,,,1059,13,0.012293,342.88,,,,,12:00
August,4,12:30,,,,,,,,,1052,14,0.013288,343.75,,,,,12:30
August,4,13:00,,,,,,,,,1058,17,0.015916,344.3,,,,,13:00
August,4,13:30,,,,,,,,,1042,17,0.016736,345.77,,,,,13:30
August,4,14:00,,,,,,,,,1072,17,0.016168,346.21,,,,,14:00
August,4,14:30,,,,,,,,,1078,20,0.018206,347.08,,,,,14:30
August,4,15:00,,,,,,,,,1063,8,0.007788,349.66,,,,,15:00
August,4,15:30,,,,,,,,,1057,4,0.003326,349.98,,,,,15:30
August,4,16:00,,,,,,,,,1053,2,0.001638,350.3,,,,,16:00
August,4,16:30,,,,,,,,,1068,2,0.002024,351.91,,,,,16:30
August,4,17:00,,,,,,,,,1007,2,0.002479,351.91,,,,,17:00
August,4,17:30,,,,,,,,,930,2,0.002621,352.02,,,,,17:30
August,4,18:00,,,,,,,,,868,3,0.00294,352.09,,,,,18:00
August,4,18:30,,,,,,,,,747,3,0.004221,354.54,,,,,18:30
August,4,19:00,,,,,,,,,673,3,0.003976,352.81,,,,,19:00
August,4,19:30,,,,,,,,,607,3,0.004384,352.51,,,,,19:30
August,4,20:00,,,,,,,,,499,3,0.005257,350.52,,,,,20:00
August,4,20:30,,,,,,,,,428,2,0.005289,347.28,,,,,20:30
August,4,21:00,,,,,,,,,359,1,0.003594,349.44,,,,,21:00
August,4,21:30,,,,,,,,,294,0,0.001688,339.01,,,,,21:30
August,4,22:00,,,,,,,,,238,1,0.005561,341.81,,,,,22:00
August,4,22:30,,,,,,,,,188,0,0.0,331.24,,,,,22:30
August,4,23:00,,,,,,,,,151,0,3e-06,339.49,,,,,23:00
August,4,23:30,,,,,,,,,117,0,0.000192,335.82,,,,,23:30
August,5,0:00,,,,,,,,,71,0,0.002841,334.75,,,,,0:00
August,5,0:30,,,,,,,,,58,0,0.002469,343.17,,,,,0:30
August,5,1:00,,,,,,,,,40,0,0.0,312.61,,,,,1:00
August,5,1:30,,,,,,,,,30,0,0.008549,318.15,,,,,1:30
August,5,2:00,,,,,,,,,22,0,0.019702,292.23,,,,,2:00
August,5,2:30,,,,,,,,,19,0,0.020374,300.06,,,,,2:30
August,5,3:00,,,,,,,,,14,1,0.039287,306.35,,,,,3:00
August,5,3:30,,,,,,,,,14,1,0.065108,416.3,,,,,3:30
August,5,4:00,,,,,,,,,13,1,0.080089,412.02,,,,,4:00
August,5,4:30,,,,,,,,,13,1,0.05021,424.09,,,,,4:30
August,5,5:00,,,,,,,,,15,1,0.048714,375.11,,,,,5:00
August,5,5:30,,,,,,,,,22,1,0.043058,312.82,,,,,5:30
August,5,6:00,,,,,,,,,34,1,0.02069,257.49,,,,,6:00
August,5,6:30,,,,,,,,,53,2,0.031673,268.43,,,,,6:30
August,5,7:00,,,,,,,,,90,2,0.02217,271.43,,,,,7:00
August,5,7:30,,,,,,,,,148,3,0.02027,275.42,,,,,7:30
August,5,8:00,,,,,,,,,273,6,0.020703,294.19,,,,,8:00
August,5,8:30,,,,,,,,,390,8,0.020154,300.2,,,,,8:30
August,5,9:00,,,,,,,,,587,12,0.021061,301.65,,,,,9:00
August,5,9:30,,,,,,,,,751,13,0.017597,319.28,,,,,9:30
August,5,10:00,,,,,,,,,867,10,0.011633,318.77,,,,,10:00
August,5,10:30,,,,,,,,,929,15,0.015679,332.8,,,,,10:30
August,5,11:00,,,,,,,,,967,9,0.009649,336.91,,,,,11:00
August,5,11:30,,,,,,,,,984,3,0.003194,340.33,,,,,11:30
August,5,12:00,,,,,,,,,995,3,0.003194,342.01,,,,,12:00
August,5,12:30,,,,,,,,,983,5,0.005403,346.58,,,,,12:30
August,5,13:00,,,,,,,,,992,4,0.004468,348.56,,,,,13:00
August,5,13:30,,,,,,,,,996,3,0.003477,350.33,,,,,13:30
August,5,14:00,,,,,,,,,991,1,0.001139,351.46,,,,,14:00
August,5,14:30,,,,,,,,,996,3,0.003284,352.24,,,,,14:30
August,5,15:00,,,,,,,,,978,0,0.000152,355.15,,,,,15:00
August,5,15:30,,,,,,,,,966,0,0.0,355.57,,,,,15:30
August,5,16:00,,,,,,,,,949,0,0.0,353.66,,,,,16:00
August,5,16:30,,,,,,,,,935,0,0.0,356.72,,,,,16:30
August,5,17:00,,,,,,,,,901,7,0.008035,356.72,,,,,17:00
August,5,17:30,,,,,,,,,847,7,0.007968,358.71,,,,,17:30
August,5,18:00,,,,,,,,,787,7,0.009244,361.36,,,,,18:00
August,5,18:30,,,,,,,,,689,7,0.009889,364.09,,,,,18:30
August,5,19:00,,,,,,,,,626,6,0.009782,359.57,,,,,19:00
August,5,19:30,,,,,,,,,561,3,0.005561,358.63,,,,,19:30
August,5,20:00,,,,,,,,,453,4,0.007972,358.43,,,,,20:00
August,5,20:30,,,,,,,,,393,2,0.00588,354.71,,,,,20:30
August,5,21:00,,,,,,,,,325,2,0.004913,358.1,,,,,21:00
August,5,21:30,,,,,,,,,268,1,0.002333,349.18,,,,,21:30
August,5,22:00,,,,,,,,,214,1,0.004222,343.73,,,,,22:00
August,5,22:30,,,,,,,,,171,0,0.001349,336.64,,,,,22:30
August,5,23:00,,,,,,,,,133,0,0.001353,334.52,,,,,23:00
August,5,23:30,,,,,,,,,104,0,0.001134,335.89,,,,,23:30
August,6,0:00,,,,,,,,,74,0,0.0,324.87,,,,,0:00
August,6,0:30,,,,,,,,,62,0,0.0,312.11,,,,,0:30
August,6,1:00,,,,,,,,,45,0,0.0,292.33,,,,,1:00
August,6,1:30,,,,,,,,,33,0,0.008015,299.85,,,,,1:30
August,6,2:00,,,,,,,,,25,0,0.019754,295.35,,,,,2:00
August,6,2:30,,,,,,,,,21,0,0.010694,288.1,,,,,2:30
August,6,3:00,,,,,,,,,13,0,0.018211,318.6,,,,,3:00
August,6,3:30,,,,,,,,,13,0,0.005211,398.08,,,,,3:30
August,6,4:00,,,,,,,,,12,0,0.020464,383.11,,,,,4:00
August,6,4:30,,,,,,,,,12,0,0.001652,404.43,,,,,4:30
August,6,5:00,,,,,,,,,14,0,0.004191,362.88,,,,,5:00
August,6,5:30,,,,,,,,,20,0,0.01969,298.61,,,,,5:30
August,6,6:00,,,,,,,,,31,0,0.005727,243.37,,,,,6:00
August,6,6:30,,,,,,,,,48,1,0.023935,256.83,,,,,6:30
August,6,7:00,,,,,,,,,84,0,0.005389,259.39,,,,,7:00
August,6,7:30,,,,,,,,,135,1,0.004246,265.13,,,,,7:30
August,6,8:00,,,,,,,,,249,0,0.000462,274.71,,,,,8:00
August,6,8:30,,,,,,,,,365,1,0.001475,302.92,,,,,8:30
August,6,9:00,,,,,,,,,526,0,0.000603,307.74,,,,,9:00
August,6,9:30,,,,,,,,,674,2,0.003329,313.7,,,,,9:30
August,6,10:00,,,,,,,,,790,2,0.002872,319.38,,,,,10:00
August,6,10:30,,,,,,,,,882,6,0.006262,332.86,,,,,10:30
August,6,11:00,,,,,,,,,925,5,0.005414,333.76,,,,,11:00
August,6,11:30,,,,,,,,,953,4,0.004395,335.39,,,,,11:30
August,6,12:00,,,,,,,,,958,4,0.004395,337.06,,,,,12:00
August,6,12:30,,,,,,,,,951,5,0.005514,340.89,,,,,12:30
August,6,13:00,,,,,,,,,953,4,0.00407,344.84,,,,,13:00
August,6,13:30,,,,,,,,,944,3,0.002762,346.57,,,,,13:30
August,6,14:00,,,,,,,,,960,2,0.001956,348.48,,,,,14:00
August,6,14:30,,,,,,,,,970,4,0.003634,349.09,,,,,14:30
August,6,15:00,,,,,,,,,950,2,0.001697,350.72,,,,,15:00
August,6,15:30,,,,,,,,,939,1,0.00122,350.72,,,,,15:30
August,6,16:00,,,,,,,,,907,1,0.001288,351.31,,,,,16:00
August,6,16:30,,,,,,,,,870,2,0.001829,352.63,,,,,16:30
August,6,17:00,,,,,,,,,822,3,0.00375,352.63,,,,,17:00
August,6,17:30,,,,,,,,,770,3,0.003731,352.27,,,,,17:30
August,6,18:00,,,,,,,,,711,3,0.004759,353.1,,,,,18:00
August,6,18:30,,,,,,,,,636,4,0.006469,350.93,,,,,18:30
August,6,19:00,,,,,,,,,567,4,0.006574,347.76,,,,,19:00
August,6,19:30,,,,,,,,,487,5,0.010009,347.76,,,,,19:30
August,6,20:00,,,,,,,,,418,6,0.014203,347.28,,,,,20:00
August,6,20:30,,,,,,,,,368,2,0.006131,345.73,,,,,20:30
August,6,21:00,,,,,,,,,302,1,0.002978,347.32,,,,,21:00
August,6,21:30,,,,,,,,,262,0,0.001047,343.27,,,,,21:30
August,6,22:00,,,,,,,,,214,1,0.003372,339.47,,,,,22:00
August,6,22:30,,,,,,,,,170,0,0.000721,333.8,,,,,22:30
August,6,23:00,,,,,,,,,130,0,0.000583,330.63,,,,,23:00
August,6,23:30,,,,,,,,,100,0,0.000617,329.58,,,,,23:30
August,7,0:00,,,,,,,,,73,0,0.0,335.91,,,,,0:00
August,7,0:30,,,,,,,,,60,0,0.000296,322.32,,,,,0:30
August,7,1:00,,,,,,,,,45,0,0.0,307.09,,,,,1:00
August,7,1:30,,,,,,,,,33,0,0.001203,312.45,,,,,1:30
August,7,2:00,,,,,,,,,26,0,0.017601,334.25,,,,,2:00
August,7,2:30,,,,,,,,,22,0,0.00787,320.59,,,,,2:30
August,7,3:00,,,,,,,,,13,0,0.023233,338.78,,,,,3:00
August,7,3:30,,,,,,,,,13,0,0.002989,386.42,,,,,3:30
August,7,4:00,,,,,,,,,13,0,0.021571,358.89,,,,,4:00
August,7,4:30,,,,,,,,,13,0,0.004804,375.01,,,,,4:30
August,7,5:00,,,,,,,,,14,0,0.007826,339.54,,,,,5:00
August,7,5:30,,,,,,,,,20,0,0.022018,299.2,,,,,5:30
August,7,6:00,,,,,,,,,32,0,0.006321,254.0,,,,,6:00
August,7,6:30,,,,,,,,,48,1,0.026519,259.34,,,,,6:30
August,7,7:00,,,,,,,,,85,1,0.007973,261.17,,,,,7:00
August,7,7:30,,,,,,,,,136,1,0.007376,266.98,,,,,7:30
August,7,8:00,,,,,,,,,250,1,0.003889,276.49,,,,,8:00
August,7,8:30,,,,,,,,,365,1,0.003794,303.68,,,,,8:30
August,7,9:00,,,,,,,,,511,2,0.003313,306.41,,,,,9:00
August,7,9:30,,,,,,,,,661,4,0.005943,315.93,,,,,9:30
August,7,10:00,,,,,,,,,778,5,0.006831,319.32,,,,,10:00
August,7,10:30,,,,,,,,,877,8,0.008736,332.69,,,,,10:30
August,7,11:00,,,,,,,,,921,7,0.008072,335.92,,,,,11:00
August,7,11:30,,,,,,,,,952,7,0.007626,334.85,,,,,11:30
August,7,12:00,,,,,,,,,981,8,0.007857,336.52,,,,,12:00
August,7,12:30,,,,,,,,,971,8,0.008702,340.18,,,,,12:30
August,7,13:00,,,,,,,,,969,6,0.006198,344.13,,,,,13:00
August,7,13:30,,,,,,,,,959,5,0.004789,345.51,,,,,13:30
August,7,14:00,,,,,,,,,977,5,0.005469,347.43,,,,,14:00
August,7,14:30,,,,,,,,,985,6,0.005914,347.3,,,,,14:30
August,7,15:00,,,,,,,,,969,7,0.006913,349.5,,,,,15:00
August,7,15:30,,,,,,,,,959,13,0.013244,349.5,,,,,15:30
August,7,16:00,,,,,,,,,921,12,0.012809,349.46,,,,,16:00
August,7,16:30,,,,,,,,,875,6,0.006535,349.99,,,,,16:30
August,7,17:00,,,,,,,,,820,2,0.002625,349.99,,,,,17:00
August,7,17:30,,,,,,,,,761,1,0.001946,349.63,,,,,17:30
August,7,18:00,,,,,,,,,686,2,0.002815,349.73,,,,,18:00
August,7,18:30,,,,,,,,,609,2,0.003941,347.71,,,,,18:30
August,7,19:00,,,,,,,,,536,2,0.004047,343.88,,,,,19:00
August,7,19:30,,,,,,,,,466,3,0.005715,343.88,,,,,19:30
August,7,20:00,,,,,,,,,400,4,0.010014,343.4,,,,,20:00
August,7,20:30,,,,,,,,,344,1,0.002711,342.01,,,,,20:30
August,7,21:00,,,,,,,,,275,0,0.0,343.61,,,,,21:00
August,7,21:30,,,,,,,,,239,0,0.0,338.37,,,,,21:30
August,7,22:00,,,,,,,,,204,0,0.000982,336.06,,,,,22:00
August,7,22:30,,,,,,,,,163,0,0.0,328.4,,,,,22:30
August,7,23:00,,,,,,,,,124,0,0.0,322.46,,,,,23:00
August,7,23:30,,,,,,,,,97,0,0.0,322.0,,,,,23:30
August,8,0:00,,,,,,,,,78,0,0.0,323.85,,,,,0:00
August,8,0:30,,,,,,,,,65,0,0.0,318.45,,,,,0:30
August,8,1:00,,,,,,,,,49,0,0.004808,313.62,,,,,1:00
August,8,1:30,,,,,,,,,40,0,0.009102,320.93,,,,,1:30
August,8,2:00,,,,,,,,,31,1,0.037347,309.82,,,,,2:00
August,8,2:30,,,,,,,,,23,0,0.014534,346.25,,,,,2:30
August,8,3:00,,,,,,,,,12,0,0.039407,359.19,,,,,3:00
August,8,3:30,,,,,,,,,12,0,0.006886,359.83,,,,,3:30
August,8,4:00,,,,,,,,,11,0,0.018011,308.25,,,,,4:00
August,8,4:30,,,,,,,,,11,0,0.008392,263.04,,,,,4:30
August,8,5:00,,,,,,,,,12,0,0.013847,400.48,,,,,5:00
August,8,5:30,,,,,,,,,17,0,0.026087,280.87,,,,,5:30
August,8,6:00,,,,,,,,,26,0,0.011054,263.08,,,,,6:00
August,8,6:30,,,,,,,,,43,1,0.026207,268.08,,,,,6:30
August,8,7:00,,,,,,,,,77,1,0.015601,289.42,,,,,7:00
August,8,7:30,,,,,,,,,128,2,0.014789,271.26,,,,,7:30
August,8,8:00,,,,,,,,,244,3,0.01077,271.65,,,,,8:00
August,8,8:30,,,,,,,,,354,4,0.010865,296.28,,,,,8:30
August,8,9:00,,,,,,,,,488,5,0.009861,306.65,,,,,9:00
August,8,9:30,,,,,,,,,626,7,0.011221,315.63,,,,,9:30
August,8,10:00,,,,,,,,,720,8,0.010698,318.52,,,,,10:00
August,8,10:30,,,,,,,,,794,8,0.009896,334.49,,,,,10:30
August,8,11:00,,,,,,,,,839,10,0.011833,339.42,,,,,11:00
August,8,11:30,,,,,,,,,866,12,0.013811,339.24,,,,,11:30
August,8,12:00,,,,,,,,,886,12,0.013137,337.11,,,,,12:00
August,8,12:30,,,,,,,,,878,12,0.013609,339.08,,,,,12:30
August,8,13:00,,,,,,,,,864,11,0.012643,342.6,,,,,13:00
August,8,13:30,,,,,,,,,859,9,0.010661,342.05,,,,,13:30
August,8,14:00,,,,,,,,,857,11,0.012892,342.25,,,,,14:00
August,8,14:30,,,,,,,,,867,12,0.014167,342.0,,,,,14:30
August,8,15:00,,,,,,,,,865,14,0.016298,344.89,,,,,15:00
August,8,15:30,,,,,,,,,861,22,0.025597,344.89,,,,,15:30
August,8,16:00,,,,,,,,,841,21,0.024976,345.09,,,,,16:00
August,8,16:30,,,,,,,,,807,14,0.017557,344.47,,,,,16:30
August,8,17:00,,,,,,,,,754,9,0.012433,344.47,,,,,17:00
August,8,17:30,,,,,,,,,683,7,0.010713,344.11,,,,,17:30
August,8,18:00,,,,,,,,,592,6,0.010673,345.91,,,,,18:00
August,8,18:30,,,,,,,,,522,6,0.011268,348.32,,,,,18:30
August,8,19:00,,,,,,,,,458,4,0.008993,343.13,,,,,19:00
August,8,19:30,,,,,,,,,413,5,0.011258,344.7,,,,,19:30
August,8,20:00,,,,,,,,,347,4,0.012458,344.88,,,,,20:00
August,8,20:30,,,,,,,,,290,4,0.012648,343.59,,,,,20:30
August,8,21:00,,,,,,,,,253,2,0.006687,345.33,,,,,21:00
August,8,21:30,,,,,,,,,211,1,0.002744,343.7,,,,,21:30
August,8,22:00,,,,,,,,,175,0,0.002684,343.11,,,,,22:00
August,8,22:30,,,,,,,,,138,0,0.001939,334.58,,,,,22:30
August,8,23:00,,,,,,,,,110,0,0.002043,330.94,,,,,23:00
August,8,23:30,,,,,,,,,89,0,0.00149,323.39,,,,,23:30
August,9,0:00,,,,,,,,,55,0,0.0,311.92,,,,,0:00
August,9,0:30,,,,,,,,,44,0,0.0,320.66,,,,,0:30
August,9,1:00,,,,,,,,,30,0,0.0,267.83,,,,,1:00
August,9,1:30,,,,,,,,,22,0,0.007844,267.5,,,,,1:30
August,9,2:00,,,,,,,,,16,1,0.048007,266.6,,,,,2:00
August,9,2:30,,,,,,,,,13,0,0.030379,292.51,,,,,2:30
August,9,3:00,,,,,,,,,9,0,0.045273,312.7,,,,,3:00
August,9,3:30,,,,,,,,,9,0,0.0,367.69,,,,,3:30
August,9,4:00,,,,,,,,,9,0,0.0,284.3,,,,,4:00
August,9,4:30,,,,,,,,,8,0,0.0,228.42,,,,,4:30
August,9,5:00,,,,,,,,,8,0,0.001741,349.42,,,,,5:00
August,9,5:30,,,,,,,,,10,0,0.004562,313.38,,,,,5:30
August,9,6:00,,,,,,,,,15,0,0.015157,283.43,,,,,6:00
August,9,6:30,,,,,,,,,24,0,0.014867,270.23,,,,,6:30
August,9,7:00,,,,,,,,,38,0,0.006816,258.87,,,,,7:00
August,9,7:30,,,,,,,,,61,0,0.006745,251.6,,,,,7:30
August,9,8:00,,,,,,,,,100,0,0.002493,258.21,,,,,8:00
August,9,8:30,,,,,,,,,128,0,0.001092,281.85,,,,,8:30
August,9,9:00,,,,,,,,,186,0,0.000536,276.79,,,,,9:00
August,9,9:30,,,,,,,,,221,0,0.0005,281.06,,,,,9:30
August,9,10:00,,,,,,,,,287,1,0.001955,286.73,,,,,10:00
August,9,10:30,,,,,,,,,345,2,0.005478,298.18,,,,,10:30
August,9,11:00,,,,,,,,,382,2,0.005057,307.07,,,,,11:00
August,9,11:30,,,,,,,,,400,2,0.005891,319.65,,,,,11:30
August,9,12:00,,,,,,,,,457,2,0.005217,318.07,,,,,12:00
August,9,12:30,,,,,,,,,451,3,0.005689,316.91,,,,,12:30
August,9,13:00,,,,,,,,,449,3,0.006311,320.33,,,,,13:00
August,9,13:30,,,,,,,,,445,2,0.005182,320.89,,,,,13:30
August,9,14:00,,,,,,,,,449,1,0.003301,321.7,,,,,14:00
August,9,14:30,,,,,,,,,456,2,0.003351,321.1,,,,,14:30
August,9,15:00,,,,,,,,,451,1,0.002118,322.0,,,,,15:00
August,9,15:30,,,,,,,,,446,2,0.003805,322.0,,,,,15:30
August,9,16:00,,,,,,,,,433,2,0.004651,318.42,,,,,16:00
August,9,16:30,,,,,,,,,412,2,0.003824,319.37,,,,,16:30
August,9,17:00,,,,,,,,,391,1,0.00216,319.37,,,,,17:00
August,9,17:30,,,,,,,,,368,1,0.002062,320.87,,,,,17:30
August,9,18:00,,,,,,,,,339,1,0.002182,320.77,,,,,18:00
August,9,18:30,,,,,,,,,324,1,0.002939,322.54,,,,,18:30
August,9,19:00,,,,,,,,,279,0,0.001054,320.02,,,,,19:00
August,9,19:30,,,,,,,,,249,1,0.002941,319.57,,,,,19:30
August,9,20:00,,,,,,,,,235,1,0.004471,316.47,,,,,20:00
August,9,20:30,,,,,,,,,209,0,0.001565,314.94,,,,,20:30
August,9,21:00,,,,,,,,,173,0,0.0,315.75,,,,,21:00
August,9,21:30,,,,,,,,,151,0,0.001222,315.1,,,,,21:30
August,9,22:00,,,,,,,,,129,0,0.00184,317.48,,,,,22:00
August,9,22:30,,,,,,,,,109,0,0.001018,314.11,,,,,22:30
August,9,23:00,,,,,,,,,86,0,0.000973,308.87,,,,,23:00
August,9,23:30,,,,,,,,,74,0,0.000932,300.17,,,,,23:30
August,10,0:00,,,,,,,,,59,0,0.003946,334.78,,,,,0:00
August,10,0:30,,,,,,,,,48,0,0.003629,335.81,,,,,0:30
August,10,1:00,,,,,,,,,34,0,0.00993,303.17,,,,,1:00
August,10,1:30,,,,,,,,,25,1,0.032485,308.38,,,,,1:30
August,10,2:00,,,,,,,,,17,1,0.056097,314.48,,,,,2:00
August,10,2:30,,,,,,,,,14,1,0.035235,341.08,,,,,2:30
August,10,3:00,,,,,,,,,9,0,0.039233,330.7,,,,,3:00
August,10,3:30,,,,,,,,,10,0,0.0,358.8,,,,,3:30
August,10,4:00,,,,,,,,,10,0,0.00205,306.95,,,,,4:00
August,10,4:30,,,,,,,,,10,0,0.0,254.6,,,,,4:30
August,10,5:00,,,,,,,,,10,0,0.0,391.96,,,,,5:00
August,10,5:30,,,,,,,,,10,0,0.005047,346.7,,,,,5:30
August,10,6:00,,,,,,,,,15,0,0.011188,289.02,,,,,6:00
August,10,6:30,,,,,,,,,29,0,0.014387,291.97,,,,,6:30
August,10,7:00,,,,,,,,,55,1,0.00966,280.36,,,,,7:00
August,10,7:30,,,,,,,,,90,1,0.008543,269.74,,,,,7:30
August,10,8:00,,,,,,,,,157,1,0.007959,278.05,,,,,8:00
August,10,8:30,,,,,,,,,225,2,0.007449,294.81,,,,,8:30
August,10,9:00,,,,,,,,,281,2,0.006933,297.98,,,,,9:00
August,10,9:30,,,,,,,,,333,3,0.007852,308.13,,,,,9:30
August,10,10:00,,,,,,,,,437,1,0.002192,312.12,,,,,10:00
August,10,10:30,,,,,,,,,498,3,0.00612,314.21,,,,,10:30
August,10,11:00,,,,,,,,,549,5,0.008233,318.24,,,,,11:00
August,10,11:30,,,,,,,,,583,5,0.009237,320.28,,,,,11:30
August,10,12:00,,,,,,,,,610,5,0.008563,322.57,,,,,12:00
August,10,12:30,,,,,,,,,603,6,0.009978,323.55,,,,,12:30
August,10,13:00,,,,,,,,,583,4,0.007002,329.39,,,,,13:00
August,10,13:30,,,,,,,,,580,4,0.006098,332.57,,,,,13:30
August,10,14:00,,,,,,,,,586,3,0.004694,333.51,,,,,14:00
August,10,14:30,,,,,,,,,594,3,0.005699,333.16,,,,,14:30
August,10,15:00,,,,,,,,,566,2,0.002921,334.5,,,,,15:00
August,10,15:30,,,,,,,,,558,1,0.0017,334.5,,,,,15:30
August,10,16:00,,,,,,,,,547,1,0.001357,335.9,,,,,16:00
August,10,16:30,,,,,,,,,526,0,0.000729,335.52,,,,,16:30
August,10,17:00,,,,,,,,,486,0,0.000332,335.52,,,,,17:00
August,10,17:30,,,,,,,,,467,0,4.2e-05,335.04,,,,,17:30
August,10,18:00,,,,,,,,,437,0,0.000162,333.89,,,,,18:00
August,10,18:30,,,,,,,,,409,0,0.00039,335.55,,,,,18:30
August,10,19:00,,,,,,,,,370,0,0.001237,334.11,,,,,19:00
August,10,19:30,,,,,,,,,330,2,0.00507,333.15,,,,,19:30
August,10,20:00,,,,,,,,,312,2,0.006688,332.8,,,,,20:00
August,10,20:30,,,,,,,,,274,1,0.003327,329.98,,,,,20:30
August,10,21:00,,,,,,,,,225,1,0.002325,329.82,,,,,21:00
August,10,21:30,,,,,,,,,199,0,0.000931,332.82,,,,,21:30
August,10,22:00,,,,,,,,,164,0,0.002625,334.21,,,,,22:00
August,10,22:30,,,,,,,,,136,0,0.000433,324.96,,,,,22:30
August,10,23:00,,,,,,,,,105,0,0.000388,319.36,,,,,23:00
August,10,23:30,,,,,,,,,86,0,0.000504,310.68,,,,,23:30
August,11,0:00,,,,,,,,,69,0,0.001832,349.49,,,,,0:00
August,11,0:30,,,,,,,,,56,0,0.001376,345.2,,,,,0:30
August,11,1:00,,,,,,,,,38,0,0.0,309.45,,,,,1:00
August,11,1:30,,,,,,,,,29,0,0.00746,313.81,,,,,1:30
August,11,2:00,,,,,,,,,21,0,0.017003,306.38,,,,,2:00
August,11,2:30,,,,,,,,,17,0,0.0,279.07,,,,,2:30
August,11,3:00,,,,,,,,,12,0,0.004123,299.75,,,,,3:00
August,11,3:30,,,,,,,,,12,0,0.0,336.4,,,,,3:30
August,11,4:00,,,,,,,,,11,0,0.002548,306.02,,,,,4:00
August,11,4:30,,,,,,,,,12,0,0.013292,329.77,,,,,4:30
August,11,5:00,,,,,,,,,12,0,0.016417,297.73,,,,,5:00
August,11,5:30,,,,,,,,,16,0,0.026438,337.38,,,,,5:30
August,11,6:00,,,,,,,,,25,1,0.020517,261.59,,,,,6:00
August,11,6:30,,,,,,,,,42,1,0.024691,264.17,,,,,6:30
August,11,7:00,,,,,,,,,78,1,0.014058,253.61,,,,,7:00
August,11,7:30,,,,,,,,,129,2,0.012704,257.82,,,,,7:30
August,11,8:00,,,,,,,,,242,0,0.000689,275.35,,,,,8:00
August,11,8:30,,,,,,,,,360,1,0.003555,295.79,,,,,8:30
August,11,9:00,,,,,,,,,509,2,0.003073,298.39,,,,,9:00
August,11,9:30,,,,,,,,,652,7,0.010121,308.56,,,,,9:30
August,11,10:00,,,,,,,,,764,9,0.011215,314.66,,,,,10:00
August,11,10:30,,,,,,,,,868,14,0.016336,327.31,,,,,10:30
August,11,11:00,,,,,,,,,908,13,0.01446,331.12,,,,,11:00
August,11,11:30,,,,,,,,,942,16,0.016953,333.41,,,,,11:30
August,11,12:00,,,,,,,,,965,16,0.017006,333.98,,,,,12:00
August,11,12:30,,,,,,,,,958,18,0.019163,337.3,,,,,12:30
August,11,13:00,,,,,,,,,948,13,0.013618,343.39,,,,,13:00
August,11,13:30,,,,,,,,,936,13,0.013651,346.47,,,,,13:30
August,11,14:00,,,,,,,,,956,10,0.01008,348.2,,,,,14:00
August,11,14:30,,,,,,,,,967,12,0.012091,348.35,,,,,14:30
August,11,15:00,,,,,,,,,944,4,0.004128,349.47,,,,,15:00
August,11,15:30,,,,,,,,,942,3,0.003369,349.47,,,,,15:30
August,11,16:00,,,,,,,,,915,3,0.003338,349.41,,,,,16:00
August,11,16:30,,,,,,,,,885,4,0.004248,350.09,,,,,16:30
August,11,17:00,,,,,,,,,827,4,0.004882,350.09,,,,,17:00
August,11,17:30,,,,,,,,,771,4,0.004824,349.65,,,,,17:30
August,11,18:00,,,,,,,,,709,3,0.004562,350.61,,,,,18:00
August,11,18:30,,,,,,,,,631,3,0.005174,351.82,,,,,18:30
August,11,19:00,,,,,,,,,559,3,0.005279,350.31,,,,,19:00
August,11,19:30,,,,,,,,,494,4,0.0088,350.31,,,,,19:30
August,11,20:00,,,,,,,,,444,5,0.011467,349.65,,,,,20:00
August,11,20:30,,,,,,,,,387,3,0.006635,345.6,,,,,20:30
August,11,21:00,,,,,,,,,316,1,0.003141,345.56,,,,,21:00
August,11,21:30,,,,,,,,,265,1,0.003141,342.04,,,,,21:30
August,11,22:00,,,,,,,,,216,1,0.003783,337.35,,,,,22:00
August,11,22:30,,,,,,,,,162,0,0.001793,330.64,,,,,22:30
August,11,23:00,,,,,,,,,124,0,0.001734,326.44,,,,,23:00
August,11,23:30,,,,,,,,,95,0,0.001899,328.42,,,,,23:30
August,12,0:00,,,,,,,,,73,0,0.001286,344.88,,,,,0:00
August,12,0:30,,,,,,,,,57,0,0.001139,342.48,,,,,0:30
August,12,1:00,,,,,,,,,39,0,0.0,313.99,,,,,1:00
August,12,1:30,,,,,,,,,30,0,0.004108,323.02,,,,,1:30
August,12,2:00,,,,,,,,,21,0,0.017361,299.15,,,,,2:00
August,12,2:30,,,,,,,,,18,0,0.0,269.8,,,,,2:30
August,12,3:00,,,,,,,,,14,0,0.011394,307.57,,,,,3:00
August,12,3:30,,,,,,,,,13,0,0.002713,366.52,,,,,3:30
August,12,4:00,,,,,,,,,13,0,0.005587,310.84,,,,,4:00
August,12,4:30,,,,,,,,,13,0,0.014147,353.76,,,,,4:30
August,12,5:00,,,,,,,,,14,0,0.014885,300.62,,,,,5:00
August,12,5:30,,,,,,,,,19,0,0.024403,338.4,,,,,5:30
August,12,6:00,,,,,,,,,29,0,0.011399,272.7,,,,,6:00
August,12,6:30,,,,,,,,,46,1,0.021871,269.31,,,,,6:30
August,12,7:00,,,,,,,,,83,1,0.012472,257.41,,,,,7:00
August,12,7:30,,,,,,,,,136,2,0.01151,274.44,,,,,7:30
August,12,8:00,,,,,,,,,250,1,0.002279,283.29,,,,,8:00
August,12,8:30,,,,,,,,,365,2,0.004968,304.27,,,,,8:30
August,12,9:00,,,,,,,,,527,2,0.004487,306.2,,,,,9:00
August,12,9:30,,,,,,,,,670,7,0.010547,315.76,,,,,9:30
August,12,10:00,,,,,,,,,778,9,0.011611,324.09,,,,,10:00
August,12,10:30,,,,,,,,,877,14,0.015865,334.68,,,,,10:30
August,12,11:00,,,,,,,,,906,12,0.013796,337.92,,,,,11:00
August,12,11:30,,,,,,,,,939,13,0.014259,337.32,,,,,11:30
August,12,12:00,,,,,,,,,960,14,0.014259,338.2,,,,,12:00
August,12,12:30,,,,,,,,,955,16,0.016598,341.51,,,,,12:30
August,12,13:00,,,,,,,,,943,12,0.012723,344.18,,,,,13:00
August,12,13:30,,,,,,,,,944,12,0.012949,345.93,,,,,13:30
August,12,14:00,,,,,,,,,926,9,0.010246,347.4,,,,,14:00
August,12,14:30,,,,,,,,,940,12,0.012256,348.7,,,,,14:30
August,12,15:00,,,,,,,,,927,5,0.005087,350.63,,,,,15:00
August,12,15:30,,,,,,,,,934,4,0.004566,350.63,,,,,15:30
August,12,16:00,,,,,,,,,909,4,0.004389,349.81,,,,,16:00
August,12,16:30,,,,,,,,,865,3,0.003391,351.07,,,,,16:30
August,12,17:00,,,,,,,,,812,4,0.004906,351.07,,,,,17:00
August,12,17:30,,,,,,,,,759,4,0.004848,351.1,,,,,17:30
August,12,18:00,,,,,,,,,686,3,0.004186,354.19,,,,,18:00
August,12,18:30,,,,,,,,,617,3,0.004798,354.32,,,,,18:30
August,12,19:00,,,,,,,,,551,3,0.004903,350.76,,,,,19:00
August,12,19:30,,,,,,,,,486,4,0.008108,350.76,,,,,19:30
August,12,20:00,,,,,,,,,405,5,0.012556,350.38,,,,,20:00
August,12,20:30,,,,,,,,,352,3,0.008463,348.85,,,,,20:30
August,12,21:00,,,,,,,,,297,1,0.004655,351.41,,,,,21:00
August,12,21:30,,,,,,,,,244,1,0.004008,348.1,,,,,21:30
August,12,22:00,,,,,,,,,200,1,0.004654,341.08,,,,,22:00
August,12,22:30,,,,,,,,,155,0,0.001526,329.33,,,,,22:30
August,12,23:00,,,,,,,,,120,0,0.000812,325.58,,,,,23:00
August,12,23:30,,,,,,,,,95,0,0.000847,332.7,,,,,23:30
August,13,0:00,,,,,,,,,71,0,0.000445,323.91,,,,,0:00
August,13,0:30,,,,,,,,,55,0,0.000445,312.15,,,,,0:30
August,13,1:00,,,,,,,,,39,0,0.0,293.72,,,,,1:00
August,13,1:30,,,,,,,,,30,0,0.007942,295.11,,,,,1:30
August,13,2:00,,,,,,,,,21,0,0.023091,275.14,,,,,2:00
August,13,2:30,,,,,,,,,18,0,0.002048,237.47,,,,,2:30
August,13,3:00,,,,,,,,,13,0,0.005812,274.36,,,,,3:00
August,13,3:30,,,,,,,,,13,0,0.0,309.68,,,,,3:30
August,13,4:00,,,,,,,,,12,0,0.008347,261.28,,,,,4:00
August,13,4:30,,,,,,,,,12,0,0.013855,290.99,,,,,4:30
August,13,5:00,,,,,,,,,12,0,0.017679,299.98,,,,,5:00
August,13,5:30,,,,,,,,,17,1,0.038157,362.22,,,,,5:30
August,13,6:00,,,,,,,,,27,0,0.012958,289.8,,,,,6:00
August,13,6:30,,,,,,,,,44,2,0.035116,281.58,,,,,6:30
August,13,7:00,,,,,,,,,82,1,0.013689,250.6,,,,,7:00
August,13,7:30,,,,,,,,,134,2,0.011705,244.07,,,,,7:30
August,13,8:00,,,,,,,,,249,1,0.002862,252.69,,,,,8:00
August,13,8:30,,,,,,,,,364,2,0.005008,276.02,,,,,8:30
August,13,9:00,,,,,,,,,508,2,0.004527,280.37,,,,,9:00
August,13,9:30,,,,,,,,,632,7,0.010749,292.48,,,,,9:30
August,13,10:00,,,,,,,,,743,9,0.012193,311.77,,,,,10:00
August,13,10:30,,,,,,,,,840,11,0.012629,322.53,,,,,10:30
August,13,11:00,,,,,,,,,885,7,0.008054,325.38,,,,,11:00
August,13,11:30,,,,,,,,,926,16,0.017294,333.28,,,,,11:30
August,13,12:00,,,,,,,,,917,16,0.017579,334.15,,,,,12:00
August,13,12:30,,,,,,,,,925,16,0.017805,338.26,,,,,12:30
August,13,13:00,,,,,,,,,915,7,0.007306,342.98,,,,,13:00
August,13,13:30,,,,,,,,,909,11,0.011855,344.61,,,,,13:30
August,13,14:00,,,,,,,,,926,10,0.011253,345.28,,,,,14:00
August,13,14:30,,,,,,,,,941,12,0.012953,345.31,,,,,14:30
August,13,15:00,,,,,,,,,919,6,0.006091,347.24,,,,,15:00
August,13,15:30,,,,,,,,,920,6,0.006083,347.24,,,,,15:30
August,13,16:00,,,,,,,,,916,5,0.005974,347.17,,,,,16:00
August,13,16:30,,,,,,,,,859,4,0.004635,348.71,,,,,16:30
August,13,17:00,,,,,,,,,807,4,0.004731,348.71,,,,,17:00
August,13,17:30,,,,,,,,,749,3,0.004536,348.35,,,,,17:30
August,13,18:00,,,,,,,,,674,3,0.004994,351.34,,,,,18:00
August,13,18:30,,,,,,,,,606,3,0.005742,351.47,,,,,18:30
August,13,19:00,,,,,,,,,551,3,0.005848,348.66,,,,,19:00
August,13,19:30,,,,,,,,,485,5,0.011017,348.66,,,,,19:30
August,13,20:00,,,,,,,,,426,7,0.01759,348.0,,,,,20:00
August,13,20:30,,,,,,,,,361,3,0.009396,345.04,,,,,20:30
August,13,21:00,,,,,,,,,306,1,0.004459,345.78,,,,,21:00
August,13,21:30,,,,,,,,,249,1,0.003811,341.79,,,,,21:30
August,13,22:00,,,,,,,,,203,1,0.004772,336.92,,,,,22:00
August,13,22:30,,,,,,,,,155,0,0.001514,328.16,,,,,22:30
August,13,23:00,,,,,,,,,119,0,0.00072,324.41,,,,,23:00
August,13,23:30,,,,,,,,,94,0,0.000638,325.95,,,,,23:30
August,14,0:00,,,,,,,,,66,1,0.012223,349.8,,,,,0:00
August,14,0:30,,,,,,,,,50,1,0.01279,327.2,,,,,0:30
August,14,1:00,,,,,,,,,36,1,0.018011,329.59,,,,,1:00
August,14,1:30,,,,,,,,,26,1,0.025916,337.04,,,,,1:30
August,14,2:00,,,,,,,,,18,1,0.048191,292.47,,,,,2:00
August,14,2:30,,,,,,,,,15,0,0.025279,321.1,,,,,2:30
August,14,3:00,,,,,,,,,12,0,0.033607,348.29,,,,,3:00
August,14,3:30,,,,,,,,,12,0,0.005028,308.4,,,,,3:30
August,14,4:00,,,,,,,,,12,0,0.017797,238.61,,,,,4:00
August,14,4:30,,,,,,,,,12,0,0.023003,245.05,,,,,4:30
August,14,5:00,,,,,,,,,12,0,0.026827,273.78,,,,,5:00
August,14,5:30,,,,,,,,,17,1,0.043782,278.61,,,,,5:30
August,14,6:00,,,,,,,,,28,0,0.009214,273.85,,,,,6:00
August,14,6:30,,,,,,,,,45,2,0.035011,270.47,,,,,6:30
August,14,7:00,,,,,,,,,83,1,0.0134,269.49,,,,,7:00
August,14,7:30,,,,,,,,,135,2,0.012291,266.26,,,,,7:30
August,14,8:00,,,,,,,,,249,1,0.004926,280.74,,,,,8:00
August,14,8:30,,,,,,,,,364,3,0.007947,316.34,,,,,8:30
August,14,9:00,,,,,,,,,509,4,0.007466,321.33,,,,,9:00
August,14,9:30,,,,,,,,,627,8,0.012553,330.74,,,,,9:30
August,14,10:00,,,,,,,,,733,12,0.016061,332.65,,,,,10:00
August,14,10:30,,,,,,,,,818,12,0.015011,340.85,,,,,10:30
August,14,11:00,,,,,,,,,871,9,0.010615,344.77,,,,,11:00
August,14,11:30,,,,,,,,,906,16,0.017988,339.38,,,,,11:30
August,14,12:00,,,,,,,,,917,16,0.017715,340.6,,,,,12:00
August,14,12:30,,,,,,,,,923,16,0.017761,342.14,,,,,12:30
August,14,13:00,,,,,,,,,909,9,0.010278,345.92,,,,,13:00
August,14,13:30,,,,,,,,,907,13,0.01465,344.09,,,,,13:30
August,14,14:00,,,,,,,,,910,14,0.015533,346.47,,,,,14:00
August,14,14:30,,,,,,,,,919,15,0.016,345.63,,,,,14:30
August,14,15:00,,,,,,,,,903,11,0.012132,348.08,,,,,15:00
August,14,15:30,,,,,,,,,906,17,0.018972,348.91,,,,,15:30
August,14,16:00,,,,,,,,,901,16,0.018205,349.41,,,,,16:00
August,14,16:30,,,,,,,,,854,8,0.009834,350.56,,,,,16:30
August,14,17:00,,,,,,,,,806,4,0.004645,350.56,,,,,17:00
August,14,17:30,,,,,,,,,745,2,0.002629,350.13,,,,,17:30
August,14,18:00,,,,,,,,,657,2,0.002712,351.32,,,,,18:00
August,14,18:30,,,,,,,,,579,2,0.003144,351.6,,,,,18:30
August,14,19:00,,,,,,,,,519,2,0.003144,348.85,,,,,19:00
August,14,19:30,,,,,,,,,461,3,0.00757,348.85,,,,,19:30
August,14,20:00,,,,,,,,,401,6,0.014425,347.57,,,,,20:00
August,14,20:30,,,,,,,,,331,3,0.007593,345.32,,,,,20:30
August,14,21:00,,,,,,,,,276,1,0.002049,344.7,,,,,21:00
August,14,21:30,,,,,,,,,225,0,0.00127,342.35,,,,,21:30
August,14,22:00,,,,,,,,,192,0,0.002335,342.79,,,,,22:00
August,14,22:30,,,,,,,,,148,0,0.0,335.4,,,,,22:30
August,14,23:00,,,,,,,,,111,0,0.0,330.05,,,,,23:00
August,14,23:30,,,,,,,,,90,0,0.0,331.56,,,,,23:30
August,15,0:00,,,,,,,,,71,0,0.0,353.44,,,,,0:00
August,15,0:30,,,,,,,,,56,0,0.0,338.77,,,,,0:30
August,15,1:00,,,,,,,,,41,0,0.006373,341.89,,,,,1:00
August,15,1:30,,,,,,,,,33,0,0.009678,347.94,,,,,1:30
August,15,2:00,,,,,,,,,23,1,0.035502,357.44,,,,,2:00
August,15,2:30,,,,,,,,,19,0,0.013865,426.13,,,,,2:30
August,15,3:00,,,,,,,,,13,0,0.035689,452.29,,,,,3:00
August,15,3:30,,,,,,,,,13,0,0.004394,394.62,,,,,3:30
August,15,4:00,,,,,,,,,13,0,0.008515,300.1,,,,,4:00
August,15,4:30,,,,,,,,,13,0,0.016446,296.04,,,,,4:30
August,15,5:00,,,,,,,,,13,0,0.023649,416.88,,,,,5:00
August,15,5:30,,,,,,,,,16,1,0.031916,327.92,,,,,5:30
August,15,6:00,,,,,,,,,26,0,0.00735,269.95,,,,,6:00
August,15,6:30,,,,,,,,,43,1,0.024537,265.26,,,,,6:30
August,15,7:00,,,,,,,,,79,1,0.012962,278.74,,,,,7:00
August,15,7:30,,,,,,,,,133,2,0.011894,259.89,,,,,7:30
August,15,8:00,,,,,,,,,249,1,0.005408,265.33,,,,,8:00
August,15,8:30,,,,,,,,,358,3,0.008137,306.47,,,,,8:30
August,15,9:00,,,,,,,,,496,4,0.007132,317.4,,,,,9:00
August,15,9:30,,,,,,,,,626,10,0.016074,326.71,,,,,9:30
August,15,10:00,,,,,,,,,721,9,0.012741,324.61,,,,,10:00
August,15,10:30,,,,,,,,,802,10,0.01278,336.35,,,,,10:30
August,15,11:00,,,,,,,,,849,9,0.010095,341.48,,,,,11:00
August,15,11:30,,,,,,,,,877,15,0.016942,340.33,,,,,11:30
August,15,12:00,,,,,,,,,883,14,0.015573,337.8,,,,,12:00
August,15,12:30,,,,,,,,,891,16,0.017757,340.86,,,,,12:30
August,15,13:00,,,,,,,,,877,10,0.011004,343.59,,,,,13:00
August,15,13:30,,,,,,,,,876,12,0.013875,343.53,,,,,13:30
August,15,14:00,,,,,,,,,873,13,0.014335,344.49,,,,,14:00
August,15,14:30,,,,,,,,,881,14,0.015726,343.65,,,,,14:30
August,15,15:00,,,,,,,,,869,12,0.013887,346.1,,,,,15:00
August,15,15:30,,,,,,,,,870,18,0.021054,346.1,,,,,15:30
August,15,16:00,,,,,,,,,872,18,0.02058,348.04,,,,,16:00
August,15,16:30,,,,,,,,,826,10,0.012344,347.42,,,,,16:30
August,15,17:00,,,,,,,,,774,5,0.007093,347.42,,,,,17:00
August,15,17:30,,,,,,,,,708,4,0.005005,347.06,,,,,17:30
August,15,18:00,,,,,,,,,614,3,0.005322,346.96,,,,,18:00
August,15,18:30,,,,,,,,,546,3,0.005754,348.01,,,,,18:30
August,15,19:00,,,,,,,,,484,3,0.005754,345.9,,,,,19:00
August,15,19:30,,,,,,,,,437,4,0.00932,347.92,,,,,19:30
August,15,20:00,,,,,,,,,382,6,0.016785,347.92,,,,,20:00
August,15,20:30,,,,,,,,,312,5,0.015509,345.34,,,,,20:30
August,15,21:00,,,,,,,,,270,3,0.010037,347.08,,,,,21:00
August,15,21:30,,,,,,,,,224,1,0.00497,345.91,,,,,21:30
August,15,22:00,,,,,,,,,185,1,0.004971,345.29,,,,,22:00
August,15,22:30,,,,,,,,,144,0,0.002774,335.93,,,,,22:30
August,15,23:00,,,,,,,,,115,0,0.00227,332.21,,,,,23:00
August,15,23:30,,,,,,,,,92,0,0.001794,327.62,,,,,23:30
August,16,0:00,,,,,,,,,54,0,0.0,338.42,,,,,0:00
August,16,0:30,,,,,,,,,44,0,0.0,341.4,,,,,0:30
August,16,1:00,,,,,,,,,31,0,0.00041,306.1,,,,,1:00
August,16,1:30,,,,,,,,,23,0,0.017873,301.82,,,,,1:30
August,16,2:00,,,,,,,,,17,1,0.041368,297.74,,,,,2:00
August,16,2:30,,,,,,,,,13,0,0.03036,354.66,,,,,2:30
August,16,3:00,,,,,,,,,9,0,0.039315,382.58,,,,,3:00
August,16,3:30,,,,,,,,,9,0,0.0,359.34,,,,,3:30
August,16,4:00,,,,,,,,,9,0,0.001891,303.38,,,,,4:00
August,16,4:30,,,,,,,,,8,0,0.00587,287.67,,,,,4:30
August,16,5:00,,,,,,,,,8,0,0.009772,391.59,,,,,5:00
August,16,5:30,,,,,,,,,10,0,0.012498,329.61,,,,,5:30
August,16,6:00,,,,,,,,,14,0,0.010327,299.01,,,,,6:00
August,16,6:30,,,,,,,,,23,0,0.01476,281.56,,,,,6:30
August,16,7:00,,,,,,,,,38,0,0.010067,273.59,,,,,7:00
August,16,7:30,,,,,,,,,63,1,0.011029,267.27,,,,,7:30
August,16,8:00,,,,,,,,,102,1,0.005213,275.28,,,,,8:00
August,16,8:30,,,,,,,,,156,1,0.006444,293.34,,,,,8:30
August,16,9:00,,,,,,,,,216,1,0.005887,287.57,,,,,9:00
August,16,9:30,,,,,,,,,250,3,0.013283,291.05,,,,,9:30
August,16,10:00,,,,,,,,,316,3,0.009571,294.41,,,,,10:00
August,16,10:30,,,,,,,,,378,5,0.013752,300.51,,,,,10:30
August,16,11:00,,,,,,,,,406,4,0.010054,309.86,,,,,11:00
August,16,11:30,,,,,,,,,419,6,0.015229,321.47,,,,,11:30
August,16,12:00,,,,,,,,,452,6,0.01386,319.49,,,,,12:00
August,16,12:30,,,,,,,,,461,7,0.015834,318.33,,,,,12:30
August,16,13:00,,,,,,,,,464,5,0.010892,318.39,,,,,13:00
August,16,13:30,,,,,,,,,463,6,0.013629,319.58,,,,,13:30
August,16,14:00,,,,,,,,,463,5,0.011748,320.21,,,,,14:00
August,16,14:30,,,,,,,,,466,4,0.009636,319.03,,,,,14:30
August,16,15:00,,,,,,,,,456,2,0.004085,319.62,,,,,15:00
August,16,15:30,,,,,,,,,454,3,0.005977,319.62,,,,,15:30
August,16,16:00,,,,,,,,,456,3,0.006578,318.17,,,,,16:00
August,16,16:30,,,,,,,,,423,2,0.003718,319.11,,,,,16:30
August,16,17:00,,,,,,,,,389,1,0.001695,319.11,,,,,17:00
August,16,17:30,,,,,,,,,369,1,0.001398,320.62,,,,,17:30
August,16,18:00,,,,,,,,,340,1,0.00176,318.63,,,,,18:00
August,16,18:30,,,,,,,,,327,1,0.002491,319.36,,,,,18:30
August,16,19:00,,,,,,,,,286,0,0.001129,319.95,,,,,19:00
August,16,19:30,,,,,,,,,264,1,0.004656,319.9,,,,,19:30
August,16,20:00,,,,,,,,,260,3,0.011391,317.04,,,,,20:00
August,16,20:30,,,,,,,,,222,1,0.006213,314.99,,,,,20:30
August,16,21:00,,,,,,,,,179,1,0.004003,316.67,,,,,21:00
August,16,21:30,,,,,,,,,149,1,0.003567,317.04,,,,,21:30
August,16,22:00,,,,,,,,,128,1,0.004817,321.65,,,,,22:00
August,16,22:30,,,,,,,,,109,0,0.002543,317.68,,,,,22:30
August,16,23:00,,,,,,,,,86,0,0.00189,310.25,,,,,23:00
August,16,23:30,,,,,,,,,73,0,0.002021,305.07,,,,,23:30
August,17,0:00,,,,,,,,,62,0,0.001988,342.64,,,,,0:00
August,17,0:30,,,,,,,,,51,0,0.001841,337.37,,,,,0:30
August,17,1:00,,,,,,,,,37,0,0.011604,321.86,,,,,1:00
August,17,1:30,,,,,,,,,29,1,0.033193,322.85,,,,,1:30
August,17,2:00,,,,,,,,,21,1,0.070069,329.41,,,,,2:00
August,17,2:30,,,,,,,,,17,1,0.053693,400.08,,,,,2:30
August,17,3:00,,,,,,,,,11,1,0.063666,400.34,,,,,3:00
August,17,3:30,,,,,,,,,11,0,0.0,350.39,,,,,3:30
August,17,4:00,,,,,,,,,10,0,0.002416,324.12,,,,,4:00
August,17,4:30,,,,,,,,,10,0,0.008002,310.88,,,,,4:30
August,17,5:00,,,,,,,,,10,0,0.011144,430.23,,,,,5:00
August,17,5:30,,,,,,,,,11,0,0.01423,356.88,,,,,5:30
August,17,6:00,,,,,,,,,16,0,0.013232,295.65,,,,,6:00
August,17,6:30,,,,,,,,,30,1,0.019254,292.99,,,,,6:30
August,17,7:00,,,,,,,,,55,1,0.012761,284.0,,,,,7:00
August,17,7:30,,,,,,,,,91,1,0.012567,273.21,,,,,7:30
August,17,8:00,,,,,,,,,160,2,0.00956,283.67,,,,,8:00
August,17,8:30,,,,,,,,,225,3,0.011202,296.49,,,,,8:30
August,17,9:00,,,,,,,,,280,3,0.010685,299.23,,,,,9:00
August,17,9:30,,,,,,,,,329,7,0.020183,315.41,,,,,9:30
August,17,10:00,,,,,,,,,431,4,0.009356,314.71,,,,,10:00
August,17,10:30,,,,,,,,,494,6,0.013067,314.62,,,,,10:30
August,17,11:00,,,,,,,,,549,5,0.00977,318.51,,,,,11:00
August,17,11:30,,,,,,,,,580,10,0.016927,319.96,,,,,11:30
August,17,12:00,,,,,,,,,586,9,0.015791,322.25,,,,,12:00
August,17,12:30,,,,,,,,,594,12,0.020183,323.23,,,,,12:30
August,17,13:00,,,,,,,,,583,7,0.011378,328.45,,,,,13:00
August,17,13:30,,,,,,,,,581,10,0.016578,332.13,,,,,13:30
August,17,14:00,,,,,,,,,586,9,0.015174,332.74,,,,,14:00
August,17,14:30,,,,,,,,,592,10,0.016153,332.25,,,,,14:30
August,17,15:00,,,,,,,,,558,5,0.008616,333.12,,,,,15:00
August,17,15:30,,,,,,,,,554,4,0.007294,333.12,,,,,15:30
August,17,16:00,,,,,,,,,562,4,0.006706,335.3,,,,,16:00
August,17,16:30,,,,,,,,,524,2,0.004241,334.92,,,,,16:30
August,17,17:00,,,,,,,,,485,2,0.003864,334.92,,,,,17:00
August,17,17:30,,,,,,,,,471,2,0.003251,334.44,,,,,17:30
August,17,18:00,,,,,,,,,435,2,0.003613,331.51,,,,,18:00
August,17,18:30,,,,,,,,,407,2,0.003714,331.8,,,,,18:30
August,17,19:00,,,,,,,,,369,2,0.004561,333.61,,,,,19:00
August,17,19:30,,,,,,,,,327,3,0.00964,333.06,,,,,19:30
August,17,20:00,,,,,,,,,324,6,0.017895,332.54,,,,,20:00
August,17,20:30,,,,,,,,,281,3,0.01088,329.71,,,,,20:30
August,17,21:00,,,,,,,,,230,1,0.003738,329.55,,,,,21:00
August,17,21:30,,,,,,,,,201,1,0.003628,333.58,,,,,21:30
August,17,22:00,,,,,,,,,164,1,0.003376,332.0,,,,,22:00
August,17,22:30,,,,,,,,,136,0,0.000515,323.23,,,,,22:30
August,17,23:00,,,,,,,,,106,0,7.1e-05,321.95,,,,,23:00
August,17,23:30,,,,,,,,,86,0,0.000293,314.05,,,,,23:30
August,18,0:00,,,,,,,,,66,0,0.004114,341.73,,,,,0:00
August,18,0:30,,,,,,,,,55,0,0.003834,339.69,,,,,0:30
August,18,1:00,,,,,,,,,38,0,0.002108,321.24,,,,,1:00
August,18,1:30,,,,,,,,,30,0,0.006295,317.1,,,,,1:30
August,18,2:00,,,,,,,,,22,0,0.019018,258.01,,,,,2:00
August,18,2:30,,,,,,,,,20,0,0.013575,272.99,,,,,2:30
August,18,3:00,,,,,,,,,13,0,0.015133,284.6,,,,,3:00
August,18,3:30,,,,,,,,,13,0,0.030781,323.15,,,,,3:30
August,18,4:00,,,,,,,,,12,0,0.040232,287.72,,,,,4:00
August,18,4:30,,,,,,,,,12,1,0.043457,320.77,,,,,4:30
August,18,5:00,,,,,,,,,13,1,0.043879,277.1,,,,,5:00
August,18,5:30,,,,,,,,,17,1,0.037935,295.58,,,,,5:30
August,18,6:00,,,,,,,,,27,0,0.018274,254.8,,,,,6:00
August,18,6:30,,,,,,,,,44,1,0.023599,252.99,,,,,6:30
August,18,7:00,,,,,,,,,80,1,0.009176,256.96,,,,,7:00
August,18,7:30,,,,,,,,,133,1,0.00778,256.43,,,,,7:30
August,18,8:00,,,,,,,,,253,1,0.002664,283.49,,,,,8:00
August,18,8:30,,,,,,,,,371,1,0.00353,306.53,,,,,8:30
August,18,9:00,,,,,,,,,545,2,0.002926,307.32,,,,,9:00
August,18,9:30,,,,,,,,,701,9,0.013355,323.34,,,,,9:30
August,18,10:00,,,,,,,,,817,6,0.007966,319.0,,,,,10:00
August,18,10:30,,,,,,,,,895,16,0.017633,335.08,,,,,10:30
August,18,11:00,,,,,,,,,954,9,0.009755,338.75,,,,,11:00
August,18,11:30,,,,,,,,,990,14,0.014327,343.47,,,,,11:30
August,18,12:00,,,,,,,,,995,15,0.014612,344.04,,,,,12:00
August,18,12:30,,,,,,,,,995,21,0.020937,347.58,,,,,12:30
August,18,13:00,,,,,,,,,992,11,0.010892,349.28,,,,,13:00
August,18,13:30,,,,,,,,,979,16,0.016786,351.14,,,,,13:30
August,18,14:00,,,,,,,,,1006,11,0.010574,352.04,,,,,14:00
August,18,14:30,,,,,,,,,1013,14,0.014038,352.04,,,,,14:30
August,18,15:00,,,,,,,,,986,5,0.004755,352.36,,,,,15:00
August,18,15:30,,,,,,,,,991,4,0.004535,352.56,,,,,15:30
August,18,16:00,,,,,,,,,993,4,0.003632,351.74,,,,,16:00
August,18,16:30,,,,,,,,,972,2,0.001869,354.2,,,,,16:30
August,18,17:00,,,,,,,,,906,5,0.005957,354.2,,,,,17:00
August,18,17:30,,,,,,,,,857,4,0.004815,354.48,,,,,17:30
August,18,18:00,,,,,,,,,799,3,0.004007,354.59,,,,,18:00
August,18,18:30,,,,,,,,,693,3,0.004226,355.61,,,,,18:30
August,18,19:00,,,,,,,,,618,2,0.00398,355.81,,,,,19:00
August,18,19:30,,,,,,,,,569,4,0.007011,354.87,,,,,19:30
August,18,20:00,,,,,,,,,490,6,0.012348,354.21,,,,,20:00
August,18,20:30,,,,,,,,,421,3,0.008159,345.93,,,,,20:30
August,18,21:00,,,,,,,,,349,1,0.003703,345.82,,,,,21:00
August,18,21:30,,,,,,,,,287,1,0.00275,339.75,,,,,21:30
August,18,22:00,,,,,,,,,230,1,0.003061,337.8,,,,,22:00
August,18,22:30,,,,,,,,,179,0,0.001125,335.48,,,,,22:30
August,18,23:00,,,,,,,,,140,0,0.000458,333.36,,,,,23:00
August,18,23:30,,,,,,,,,104,0,0.000242,334.71,,,,,23:30
August,19,0:00,,,,,,,,,71,0,0.0,348.78,,,,,0:00
August,19,0:30,,,,,,,,,55,0,0.0,341.03,,,,,0:30
August,19,1:00,,,,,,,,,39,0,0.0,328.25,,,,,1:00
August,19,1:30,,,,,,,,,30,0,0.0,328.22,,,,,1:30
August,19,2:00,,,,,,,,,22,0,0.017045,267.63,,,,,2:00
August,19,2:30,,,,,,,,,19,0,0.009917,262.14,,,,,2:30
August,19,3:00,,,,,,,,,14,0,0.021835,320.9,,,,,3:00
August,19,3:30,,,,,,,,,13,0,0.0,364.5,,,,,3:30
August,19,4:00,,,,,,,,,12,0,0.000128,317.6,,,,,4:00
August,19,4:30,,,,,,,,,13,0,0.01369,372.4,,,,,4:30
August,19,5:00,,,,,,,,,14,0,0.017203,302.18,,,,,5:00
August,19,5:30,,,,,,,,,20,0,0.019845,307.42,,,,,5:30
August,19,6:00,,,,,,,,,30,0,0.007329,265.09,,,,,6:00
August,19,6:30,,,,,,,,,47,1,0.018588,255.93,,,,,6:30
August,19,7:00,,,,,,,,,88,1,0.011332,267.32,,,,,7:00
August,19,7:30,,,,,,,,,142,1,0.009857,287.36,,,,,7:30
August,19,8:00,,,,,,,,,261,0,0.001635,297.7,,,,,8:00
August,19,8:30,,,,,,,,,372,1,0.003831,312.04,,,,,8:30
August,19,9:00,,,,,,,,,532,2,0.003061,313.8,,,,,9:00
August,19,9:30,,,,,,,,,670,9,0.013132,319.35,,,,,9:30
August,19,10:00,,,,,,,,,773,6,0.007137,319.36,,,,,10:00
August,19,10:30,,,,,,,,,865,13,0.015391,333.11,,,,,10:30
August,19,11:00,,,,,,,,,895,7,0.007451,336.21,,,,,11:00
August,19,11:30,,,,,,,,,931,11,0.011604,335.83,,,,,11:30
August,19,12:00,,,,,,,,,932,11,0.011837,337.04,,,,,12:00
August,19,12:30,,,,,,,,,941,17,0.017993,340.36,,,,,12:30
August,19,13:00,,,,,,,,,933,8,0.008794,344.49,,,,,13:00
August,19,13:30,,,,,,,,,935,14,0.014588,346.1,,,,,13:30
August,19,14:00,,,,,,,,,917,9,0.009554,347.57,,,,,14:00
August,19,14:30,,,,,,,,,927,12,0.012979,348.73,,,,,14:30
August,19,15:00,,,,,,,,,910,6,0.006887,350.66,,,,,15:00
August,19,15:30,,,,,,,,,924,6,0.006282,350.66,,,,,15:30
August,19,16:00,,,,,,,,,911,5,0.005175,350.14,,,,,16:00
August,19,16:30,,,,,,,,,859,3,0.00395,351.41,,,,,16:30
August,19,17:00,,,,,,,,,808,4,0.004857,351.41,,,,,17:00
August,19,17:30,,,,,,,,,766,3,0.003532,351.37,,,,,17:30
August,19,18:00,,,,,,,,,691,3,0.004537,353.19,,,,,18:00
August,19,18:30,,,,,,,,,621,3,0.004756,353.32,,,,,18:30
August,19,19:00,,,,,,,,,550,3,0.004861,351.03,,,,,19:00
August,19,19:30,,,,,,,,,483,5,0.009932,351.03,,,,,19:30
August,19,20:00,,,,,,,,,405,7,0.016964,350.64,,,,,20:00
August,19,20:30,,,,,,,,,356,4,0.010543,349.12,,,,,20:30
August,19,21:00,,,,,,,,,299,2,0.005446,351.68,,,,,21:00
August,19,21:30,,,,,,,,,244,1,0.004799,351.2,,,,,21:30
August,19,22:00,,,,,,,,,200,1,0.005627,345.16,,,,,22:00
August,19,22:30,,,,,,,,,155,0,0.0025,333.75,,,,,22:30
August,19,23:00,,,,,,,,,119,0,0.001832,330.0,,,,,23:00
August,19,23:30,,,,,,,,,90,0,0.001802,334.74,,,,,23:30
August,20,0:00,,,,,,,,,68,1,0.012909,335.38,,,,,0:00
August,20,0:30,,,,,,,,,53,1,0.012909,313.96,,,,,0:30
August,20,1:00,,,,,,,,,37,0,0.012279,315.64,,,,,1:00
August,20,1:30,,,,,,,,,28,1,0.024505,322.68,,,,,1:30
August,20,2:00,,,,,,,,,20,1,0.050574,218.56,,,,,2:00
August,20,2:30,,,,,,,,,18,1,0.035384,245.88,,,,,2:30
August,20,3:00,,,,,,,,,12,0,0.033804,297.71,,,,,3:00
August,20,3:30,,,,,,,,,12,0,0.0,303.21,,,,,3:30
August,20,4:00,,,,,,,,,11,0,0.009537,259.52,,,,,4:00
August,20,4:30,,,,,,,,,10,0,0.020905,272.89,,,,,4:30
August,20,5:00,,,,,,,,,11,0,0.027604,264.1,,,,,5:00
August,20,5:30,,,,,,,,,16,1,0.043829,268.65,,,,,5:30
August,20,6:00,,,,,,,,,26,0,0.009689,281.4,,,,,6:00
August,20,6:30,,,,,,,,,43,1,0.033116,269.37,,,,,6:30
August,20,7:00,,,,,,,,,81,1,0.01286,281.46,,,,,7:00
August,20,7:30,,,,,,,,,135,2,0.011111,282.66,,,,,7:30
August,20,8:00,,,,,,,,,253,0,0.000513,298.38,,,,,8:00
August,20,8:30,,,,,,,,,363,1,0.003105,312.81,,,,,8:30
August,20,9:00,,,,,,,,,507,1,0.002251,316.38,,,,,9:00
August,20,9:30,,,,,,,,,623,4,0.006961,324.22,,,,,9:30
August,20,10:00,,,,,,,,,723,6,0.008758,325.22,,,,,10:00
August,20,10:30,,,,,,,,,806,15,0.017996,336.25,,,,,10:30
August,20,11:00,,,,,,,,,862,8,0.009366,342.01,,,,,11:00
August,20,11:30,,,,,,,,,899,14,0.01583,339.14,,,,,11:30
August,20,12:00,,,,,,,,,890,14,0.015556,339.86,,,,,12:00
August,20,12:30,,,,,,,,,900,16,0.01803,342.92,,,,,12:30
August,20,13:00,,,,,,,,,891,12,0.013908,346.92,,,,,13:00
August,20,13:30,,,,,,,,,890,20,0.022982,346.88,,,,,13:30
August,20,14:00,,,,,,,,,901,14,0.015556,347.36,,,,,14:00
August,20,14:30,,,,,,,,,913,18,0.019788,347.28,,,,,14:30
August,20,15:00,,,,,,,,,892,12,0.013333,349.21,,,,,15:00
August,20,15:30,,,,,,,,,902,10,0.01081,349.21,,,,,15:30
August,20,16:00,,,,,,,,,905,9,0.009704,349.44,,,,,16:00
August,20,16:30,,,,,,,,,856,7,0.008607,351.61,,,,,16:30
August,20,17:00,,,,,,,,,812,8,0.009367,351.61,,,,,17:00
August,20,17:30,,,,,,,,,759,6,0.008011,351.0,,,,,17:30
August,20,18:00,,,,,,,,,682,6,0.009016,351.91,,,,,18:00
August,20,18:30,,,,,,,,,605,4,0.006765,352.05,,,,,18:30
August,20,19:00,,,,,,,,,542,4,0.006548,350.8,,,,,19:00
August,20,19:30,,,,,,,,,482,7,0.013743,350.8,,,,,19:30
August,20,20:00,,,,,,,,,427,10,0.023334,349.27,,,,,20:00
August,20,20:30,,,,,,,,,365,4,0.011044,347.04,,,,,20:30
August,20,21:00,,,,,,,,,309,1,0.004212,347.78,,,,,21:00
August,20,21:30,,,,,,,,,253,1,0.003564,346.62,,,,,21:30
August,20,22:00,,,,,,,,,205,1,0.004755,342.38,,,,,22:00
August,20,22:30,,,,,,,,,155,0,0.001372,342.03,,,,,22:30
August,20,23:00,,,,,,,,,119,0,0.001271,341.69,,,,,23:00
August,20,23:30,,,,,,,,,90,0,0.001327,340.82,,,,,23:30
August,21,0:00,,,,,,,,,70,0,0.0,331.85,,,,,0:00
August,21,0:30,,,,,,,,,55,0,0.0,313.08,,,,,0:30
August,21,1:00,,,,,,,,,41,1,0.012799,315.61,,,,,1:00
August,21,1:30,,,,,,,,,32,0,0.013545,319.24,,,,,1:30
August,21,2:00,,,,,,,,,24,1,0.044355,307.51,,,,,2:00
August,21,2:30,,,,,,,,,21,0,0.022568,367.38,,,,,2:30
August,21,3:00,,,,,,,,,15,0,0.028067,408.18,,,,,3:00
August,21,3:30,,,,,,,,,15,0,0.0,362.39,,,,,3:30
August,21,4:00,,,,,,,,,14,0,0.004067,326.36,,,,,4:00
August,21,4:30,,,,,,,,,14,0,0.013971,308.23,,,,,4:30
August,21,5:00,,,,,,,,,14,0,0.02067,382.04,,,,,5:00
August,21,5:30,,,,,,,,,16,1,0.033532,305.39,,,,,5:30
August,21,6:00,,,,,,,,,26,0,0.007331,289.9,,,,,6:00
August,21,6:30,,,,,,,,,43,1,0.029641,281.52,,,,,6:30
August,21,7:00,,,,,,,,,79,1,0.012582,279.19,,,,,7:00
August,21,7:30,,,,,,,,,126,2,0.012723,280.91,,,,,7:30
August,21,8:00,,,,,,,,,235,1,0.002616,291.1,,,,,8:00
August,21,8:30,,,,,,,,,348,2,0.004732,302.55,,,,,8:30
August,21,9:00,,,,,,,,,458,2,0.003697,303.82,,,,,9:00
August,21,9:30,,,,,,,,,587,4,0.006697,315.31,,,,,9:30
August,21,10:00,,,,,,,,,691,5,0.007296,315.52,,,,,10:00
August,21,10:30,,,,,,,,,750,10,0.012749,328.42,,,,,10:30
August,21,11:00,,,,,,,,,805,8,0.01039,333.93,,,,,11:00
August,21,11:30,,,,,,,,,837,14,0.016128,331.77,,,,,11:30
August,21,12:00,,,,,,,,,838,13,0.014991,334.41,,,,,12:00
August,21,12:30,,,,,,,,,845,15,0.018293,336.38,,,,,12:30
August,21,13:00,,,,,,,,,832,13,0.015356,340.89,,,,,13:00
August,21,13:30,,,,,,,,,831,19,0.022487,342.36,,,,,13:30
August,21,14:00,,,,,,,,,833,18,0.021277,342.98,,,,,14:00
August,21,14:30,,,,,,,,,836,19,0.023317,342.34,,,,,14:30
August,21,15:00,,,,,,,,,825,18,0.021405,344.78,,,,,15:00
August,21,15:30,,,,,,,,,814,24,0.02931,344.78,,,,,15:30
August,21,16:00,,,,,,,,,825,23,0.028432,346.13,,,,,16:00
August,21,16:30,,,,,,,,,783,12,0.015789,345.66,,,,,16:30
August,21,17:00,,,,,,,,,739,10,0.013669,345.66,,,,,17:00
August,21,17:30,,,,,,,,,685,7,0.010291,345.12,,,,,17:30
August,21,18:00,,,,,,,,,599,6,0.010291,344.06,,,,,18:00
August,21,18:30,,,,,,,,,542,4,0.007885,344.35,,,,,18:30
August,21,19:00,,,,,,,,,467,4,0.007885,343.67,,,,,19:00
August,21,19:30,,,,,,,,,403,6,0.015355,343.63,,,,,19:30
August,21,20:00,,,,,,,,,354,9,0.025758,342.99,,,,,20:00
August,21,20:30,,,,,,,,,293,5,0.016087,341.62,,,,,20:30
August,21,21:00,,,,,,,,,249,1,0.003846,343.1,,,,,21:00
August,21,21:30,,,,,,,,,207,1,0.003066,342.23,,,,,21:30
August,21,22:00,,,,,,,,,169,1,0.003967,334.44,,,,,22:00
August,21,22:30,,,,,,,,,137,0,5.4e-05,327.03,,,,,22:30
August,21,23:00,,,,,,,,,109,0,0.000685,326.52,,,,,23:00
August,21,23:30,,,,,,,,,86,0,0.000455,319.05,,,,,23:30
August,22,0:00,,,,,,,,,70,0,0.0,331.43,,,,,0:00
August,22,0:30,,,,,,,,,55,0,0.0,313.94,,,,,0:30
August,22,1:00,,,,,,,,,40,0,0.011461,320.72,,,,,1:00
August,22,1:30,,,,,,,,,32,0,0.012469,324.87,,,,,1:30
August,22,2:00,,,,,,,,,24,1,0.042843,324.57,,,,,2:00
August,22,2:30,,,,,,,,,20,1,0.02628,382.79,,,,,2:30
August,22,3:00,,,,,,,,,14,1,0.04235,422.07,,,,,3:00
August,22,3:30,,,,,,,,,14,0,0.000795,363.42,,,,,3:30
August,22,4:00,,,,,,,,,14,0,0.002729,330.2,,,,,4:00
August,22,4:30,,,,,,,,,14,0,0.017832,312.31,,,,,4:30
August,22,5:00,,,,,,,,,14,0,0.024002,441.34,,,,,5:00
August,22,5:30,,,,,,,,,17,0,0.024777,328.47,,,,,5:30
August,22,6:00,,,,,,,,,25,0,0.006933,310.76,,,,,6:00
August,22,6:30,,,,,,,,,42,1,0.018096,301.74,,,,,6:30
August,22,7:00,,,,,,,,,76,1,0.013791,306.95,,,,,7:00
August,22,7:30,,,,,,,,,125,2,0.012972,287.25,,,,,7:30
August,22,8:00,,,,,,,,,237,1,0.003168,285.52,,,,,8:00
August,22,8:30,,,,,,,,,350,2,0.005581,294.24,,,,,8:30
August,22,9:00,,,,,,,,,458,2,0.00476,304.37,,,,,9:00
August,22,9:30,,,,,,,,,589,7,0.012541,315.66,,,,,9:30
August,22,10:00,,,,,,,,,691,7,0.010588,315.87,,,,,10:00
August,22,10:30,,,,,,,,,751,12,0.015614,329.57,,,,,10:30
August,22,11:00,,,,,,,,,804,12,0.014986,335.08,,,,,11:00
August,22,11:30,,,,,,,,,836,16,0.019561,335.81,,,,,11:30
August,22,12:00,,,,,,,,,833,15,0.018191,338.38,,,,,12:00
August,22,12:30,,,,,,,,,845,18,0.020834,340.35,,,,,12:30
August,22,13:00,,,,,,,,,829,14,0.017063,341.68,,,,,13:00
August,22,13:30,,,,,,,,,830,19,0.022464,343.24,,,,,13:30
August,22,14:00,,,,,,,,,831,18,0.021436,343.07,,,,,14:00
August,22,14:30,,,,,,,,,835,19,0.022923,342.42,,,,,14:30
August,22,15:00,,,,,,,,,827,15,0.018309,344.87,,,,,15:00
August,22,15:30,,,,,,,,,818,21,0.025905,344.87,,,,,15:30
August,22,16:00,,,,,,,,,824,20,0.024604,346.22,,,,,16:00
August,22,16:30,,,,,,,,,783,10,0.01301,345.75,,,,,16:30
August,22,17:00,,,,,,,,,740,8,0.011309,345.75,,,,,17:00
August,22,17:30,,,,,,,,,688,7,0.010092,345.21,,,,,17:30
August,22,18:00,,,,,,,,,602,6,0.010092,344.19,,,,,18:00
August,22,18:30,,,,,,,,,546,4,0.008146,345.24,,,,,18:30
August,22,19:00,,,,,,,,,473,4,0.008146,344.12,,,,,19:00
August,22,19:30,,,,,,,,,408,6,0.013828,346.1,,,,,19:30
August,22,20:00,,,,,,,,,358,8,0.022031,346.12,,,,,20:00
August,22,20:30,,,,,,,,,298,6,0.020039,344.75,,,,,20:30
August,22,21:00,,,,,,,,,252,3,0.010159,346.49,,,,,21:00
August,22,21:30,,,,,,,,,208,1,0.005092,345.62,,,,,21:30
August,22,22:00,,,,,,,,,170,1,0.005187,337.95,,,,,22:00
August,22,22:30,,,,,,,,,138,0,0.002282,329.91,,,,,22:30
August,22,23:00,,,,,,,,,110,0,0.002913,329.77,,,,,23:00
August,22,23:30,,,,,,,,,87,0,0.002618,324.81,,,,,23:30
August,23,0:00,,,,,,,,,56,0,0.005463,323.89,,,,,0:00
August,23,0:30,,,,,,,,,46,0,0.005316,326.31,,,,,0:30
August,23,1:00,,,,,,,,,33,0,0.010005,294.01,,,,,1:00
August,23,1:30,,,,,,,,,25,0,0.019308,290.83,,,,,1:30
August,23,2:00,,,,,,,,,18,1,0.046115,288.15,,,,,2:00
August,23,2:30,,,,,,,,,15,1,0.035429,355.11,,,,,2:30
August,23,3:00,,,,,,,,,10,0,0.036557,384.72,,,,,3:00
August,23,3:30,,,,,,,,,10,0,0.003802,358.54,,,,,3:30
August,23,4:00,,,,,,,,,9,0,0.009537,327.73,,,,,4:00
August,23,4:30,,,,,,,,,9,0,0.022713,297.03,,,,,4:30
August,23,5:00,,,,,,,,,9,0,0.028246,359.12,,,,,5:00
August,23,5:30,,,,,,,,,11,0,0.026782,310.92,,,,,5:30
August,23,6:00,,,,,,,,,15,0,0.016087,300.0,,,,,6:00
August,23,6:30,,,,,,,,,24,0,0.015448,284.95,,,,,6:30
August,23,7:00,,,,,,,,,38,0,0.008863,272.0,,,,,7:00
August,23,7:30,,,,,,,,,64,1,0.010476,272.48,,,,,7:30
August,23,8:00,,,,,,,,,107,0,0.000914,280.86,,,,,8:00
August,23,8:30,,,,,,,,,132,0,0.002506,294.0,,,,,8:30
August,23,9:00,,,,,,,,,188,0,0.0,288.81,,,,,9:00
August,23,9:30,,,,,,,,,215,1,0.004182,292.15,,,,,9:30
August,23,10:00,,,,,,,,,279,1,0.002916,292.15,,,,,10:00
August,23,10:30,,,,,,,,,339,4,0.010505,303.69,,,,,10:30
August,23,11:00,,,,,,,,,383,3,0.006621,309.19,,,,,11:00
August,23,11:30,,,,,,,,,399,4,0.009357,319.27,,,,,11:30
August,23,12:00,,,,,,,,,417,3,0.008303,317.85,,,,,12:00
August,23,12:30,,,,,,,,,426,4,0.010408,316.69,,,,,12:30
August,23,13:00,,,,,,,,,426,4,0.009337,319.67,,,,,13:00
August,23,13:30,,,,,,,,,427,7,0.015664,320.66,,,,,13:30
August,23,14:00,,,,,,,,,428,6,0.014619,321.29,,,,,14:00
August,23,14:30,,,,,,,,,430,7,0.016296,320.3,,,,,14:30
August,23,15:00,,,,,,,,,420,5,0.011483,320.89,,,,,15:00
August,23,15:30,,,,,,,,,417,11,0.025313,320.89,,,,,15:30
August,23,16:00,,,,,,,,,419,10,0.023844,318.47,,,,,16:00
August,23,16:30,,,,,,,,,404,6,0.014486,319.41,,,,,16:30
August,23,17:00,,,,,,,,,384,4,0.009946,319.41,,,,,17:00
August,23,17:30,,,,,,,,,365,3,0.008927,320.92,,,,,17:30
August,23,18:00,,,,,,,,,339,3,0.008269,318.79,,,,,18:00
August,23,18:30,,,,,,,,,328,2,0.00632,319.52,,,,,18:30
August,23,19:00,,,,,,,,,280,1,0.004436,320.89,,,,,19:00
August,23,19:30,,,,,,,,,250,2,0.00878,320.73,,,,,19:30
August,23,20:00,,,,,,,,,245,4,0.017922,317.65,,,,,20:00
August,23,20:30,,,,,,,,,213,3,0.012846,315.85,,,,,20:30
August,23,21:00,,,,,,,,,173,1,0.003046,316.65,,,,,21:00
August,23,21:30,,,,,,,,,151,0,0.00261,317.03,,,,,21:30
August,23,22:00,,,,,,,,,129,1,0.004016,320.49,,,,,22:00
August,23,22:30,,,,,,,,,110,0,0.0,314.92,,,,,22:30
August,23,23:00,,,,,,,,,88,0,0.0,310.1,,,,,23:00
August,23,23:30,,,,,,,,,72,0,0.0,301.46,,,,,23:30
August,24,0:00,,,,,,,,,51,0,0.006877,337.79,,,,,0:00
August,24,0:30,,,,,,,,,41,0,0.006411,335.96,,,,,0:30
August,24,1:00,,,,,,,,,28,0,0.016937,322.23,,,,,1:00
August,24,1:30,,,,,,,,,20,1,0.028317,321.07,,,,,1:30
August,24,2:00,,,,,,,,,13,1,0.056507,330.6,,,,,2:00
August,24,2:30,,,,,,,,,11,0,0.041919,407.15,,,,,2:30
August,24,3:00,,,,,,,,,10,0,0.048265,412.41,,,,,3:00
August,24,3:30,,,,,,,,,10,0,0.00769,366.54,,,,,3:30
August,24,4:00,,,,,,,,,10,0,0.014386,356.05,,,,,4:00
August,24,4:30,,,,,,,,,9,0,0.020936,328.45,,,,,4:30
August,24,5:00,,,,,,,,,10,0,0.024178,411.3,,,,,5:00
August,24,5:30,,,,,,,,,11,0,0.022692,362.55,,,,,5:30
August,24,6:00,,,,,,,,,16,0,0.016501,307.81,,,,,6:00
August,24,6:30,,,,,,,,,30,1,0.018468,302.6,,,,,6:30
August,24,7:00,,,,,,,,,55,1,0.015225,289.38,,,,,7:00
August,24,7:30,,,,,,,,,89,1,0.012785,281.67,,,,,7:30
August,24,8:00,,,,,,,,,156,2,0.013642,290.19,,,,,8:00
August,24,8:30,,,,,,,,,217,3,0.014972,312.8,,,,,8:30
August,24,9:00,,,,,,,,,276,4,0.01285,316.44,,,,,9:00
August,24,9:30,,,,,,,,,314,5,0.017015,338.23,,,,,9:30
August,24,10:00,,,,,,,,,417,4,0.009375,335.72,,,,,10:00
August,24,10:30,,,,,,,,,485,7,0.01531,335.38,,,,,10:30
August,24,11:00,,,,,,,,,532,7,0.013375,342.09,,,,,11:00
August,24,11:30,,,,,,,,,555,10,0.017143,343.56,,,,,11:30
August,24,12:00,,,,,,,,,556,9,0.015785,342.68,,,,,12:00
August,24,12:30,,,,,,,,,568,12,0.020717,342.68,,,,,12:30
August,24,13:00,,,,,,,,,557,9,0.015812,344.97,,,,,13:00
August,24,13:30,,,,,,,,,556,12,0.021193,341.48,,,,,13:30
August,24,14:00,,,,,,,,,561,11,0.019528,341.48,,,,,14:00
August,24,14:30,,,,,,,,,562,13,0.022808,341.02,,,,,14:30
August,24,15:00,,,,,,,,,527,7,0.014199,340.79,,,,,15:00
August,24,15:30,,,,,,,,,524,9,0.016855,334.18,,,,,15:30
August,24,16:00,,,,,,,,,517,7,0.013966,336.52,,,,,16:00
August,24,16:30,,,,,,,,,484,4,0.007922,335.7,,,,,16:30
August,24,17:00,,,,,,,,,447,3,0.007531,335.7,,,,,17:00
August,24,17:30,,,,,,,,,429,3,0.006277,336.09,,,,,17:30
August,24,18:00,,,,,,,,,410,2,0.006042,336.0,,,,,18:00
August,24,18:30,,,,,,,,,388,1,0.00364,336.74,,,,,18:30
August,24,19:00,,,,,,,,,349,2,0.005227,338.91,,,,,19:00
August,24,19:30,,,,,,,,,311,3,0.010428,338.59,,,,,19:30
August,24,20:00,,,,,,,,,296,5,0.016208,339.51,,,,,20:00
August,24,20:30,,,,,,,,,265,3,0.011413,331.2,,,,,20:30
August,24,21:00,,,,,,,,,220,1,0.00431,330.14,,,,,21:00
August,24,21:30,,,,,,,,,187,1,0.004663,334.97,,,,,21:30
August,24,22:00,,,,,,,,,140,1,0.004939,329.59,,,,,22:00
August,24,22:30,,,,,,,,,117,0,0.0036,322.2,,,,,22:30
August,24,23:00,,,,,,,,,91,0,0.003508,323.5,,,,,23:00
August,24,23:30,,,,,,,,,74,0,0.003796,315.44,,,,,23:30
August,25,0:00,,,,,,,,,59,0,0.007127,336.94,,,,,0:00
August,25,0:30,,,,,,,,,47,0,0.006661,318.31,,,,,0:30
August,25,1:00,,,,,,,,,32,0,0.008384,315.16,,,,,1:00
August,25,1:30,,,,,,,,,24,0,0.010255,315.43,,,,,1:30
August,25,2:00,,,,,,,,,17,0,0.014177,273.4,,,,,2:00
August,25,2:30,,,,,,,,,15,0,0.003833,265.8,,,,,2:30
August,25,3:00,,,,,,,,,11,0,0.006673,315.4,,,,,3:00
August,25,3:30,,,,,,,,,11,0,0.00116,324.34,,,,,3:30
August,25,4:00,,,,,,,,,10,0,0.006093,302.43,,,,,4:00
August,25,4:30,,,,,,,,,11,0,0.019231,341.78,,,,,4:30
August,25,5:00,,,,,,,,,12,0,0.023322,291.51,,,,,5:00
August,25,5:30,,,,,,,,,17,0,0.0256,312.32,,,,,5:30
August,25,6:00,,,,,,,,,25,0,0.013164,252.86,,,,,6:00
August,25,6:30,,,,,,,,,42,1,0.017418,256.11,,,,,6:30
August,25,7:00,,,,,,,,,79,0,0.004979,265.33,,,,,7:00
August,25,7:30,,,,,,,,,134,0,0.001678,260.56,,,,,7:30
August,25,8:00,,,,,,,,,251,0,0.0,282.67,,,,,8:00
August,25,8:30,,,,,,,,,365,0,0.0,294.66,,,,,8:30
August,25,9:00,,,,,,,,,511,0,0.0,298.07,,,,,9:00
August,25,9:30,,,,,,,,,646,4,0.005717,302.74,,,,,9:30
August,25,10:00,,,,,,,,,749,3,0.004352,311.65,,,,,10:00
August,25,10:30,,,,,,,,,846,13,0.015822,323.18,,,,,10:30
August,25,11:00,,,,,,,,,888,6,0.006387,336.44,,,,,11:00
August,25,11:30,,,,,,,,,927,8,0.009014,334.76,,,,,11:30
August,25,12:00,,,,,,,,,926,9,0.009299,336.22,,,,,12:00
August,25,12:30,,,,,,,,,938,14,0.015413,339.73,,,,,12:30
August,25,13:00,,,,,,,,,928,8,0.008117,345.87,,,,,13:00
August,25,13:30,,,,,,,,,923,16,0.017163,348.86,,,,,13:30
August,25,14:00,,,,,,,,,958,8,0.007843,350.01,,,,,14:00
August,25,14:30,,,,,,,,,965,13,0.01348,350.04,,,,,14:30
August,25,15:00,,,,,,,,,936,3,0.003347,351.17,,,,,15:00
August,25,15:30,,,,,,,,,937,7,0.007094,351.17,,,,,15:30
August,25,16:00,,,,,,,,,913,4,0.004284,351.42,,,,,16:00
August,25,16:30,,,,,,,,,884,2,0.002579,352.27,,,,,16:30
August,25,17:00,,,,,,,,,830,6,0.006914,352.27,,,,,17:00
August,25,17:30,,,,,,,,,783,5,0.006141,351.62,,,,,17:30
August,25,18:00,,,,,,,,,718,5,0.006699,349.93,,,,,18:00
August,25,18:30,,,,,,,,,640,3,0.004076,349.75,,,,,18:30
August,25,19:00,,,,,,,,,562,2,0.003815,351.76,,,,,19:00
August,25,19:30,,,,,,,,,495,4,0.009037,351.48,,,,,19:30
August,25,20:00,,,,,,,,,417,6,0.013324,348.79,,,,,20:00
August,25,20:30,,,,,,,,,364,2,0.00548,345.65,,,,,20:30
August,25,21:00,,,,,,,,,313,0,0.000311,346.61,,,,,21:00
August,25,21:30,,,,,,,,,253,0,0.000334,343.48,,,,,21:30
August,25,22:00,,,,,,,,,204,0,0.001528,339.45,,,,,22:00
August,25,22:30,,,,,,,,,155,0,0.001029,329.69,,,,,22:30
August,25,23:00,,,,,,,,,118,0,0.001018,323.69,,,,,23:00
August,25,23:30,,,,,,,,,88,0,0.000982,315.93,,,,,23:30
August,26,0:00,,,,,,,,,67,0,0.000485,348.56,,,,,0:00
August,26,0:30,,,,,,,,,52,0,0.000338,342.29,,,,,0:30
August,26,1:00,,,,,,,,,35,0,0.010166,340.09,,,,,1:00
August,26,1:30,,,,,,,,,26,0,0.013442,337.73,,,,,1:30
August,26,2:00,,,,,,,,,19,1,0.027657,314.18,,,,,2:00
August,26,2:30,,,,,,,,,17,0,0.01137,347.2,,,,,2:30
August,26,3:00,,,,,,,,,14,0,0.024252,364.13,,,,,3:00
August,26,3:30,,,,,,,,,14,0,0.000872,355.52,,,,,3:30
August,26,4:00,,,,,,,,,13,0,0.004481,332.57,,,,,4:00
August,26,4:30,,,,,,,,,13,0,0.008164,348.76,,,,,4:30
August,26,5:00,,,,,,,,,13,0,0.002531,337.64,,,,,5:00
August,26,5:30,,,,,,,,,17,0,0.004981,293.62,,,,,5:30
August,26,6:00,,,,,,,,,25,0,0.0,247.46,,,,,6:00
August,26,6:30,,,,,,,,,42,0,0.0,249.89,,,,,6:30
August,26,7:00,,,,,,,,,83,0,0.0,258.24,,,,,7:00
August,26,7:30,,,,,,,,,133,0,0.001278,296.48,,,,,7:30
August,26,8:00,,,,,,,,,239,1,0.002334,302.01,,,,,8:00
August,26,8:30,,,,,,,,,346,1,0.00356,303.8,,,,,8:30
August,26,9:00,,,,,,,,,452,1,0.001154,307.09,,,,,9:00
August,26,9:30,,,,,,,,,572,4,0.006189,320.37,,,,,9:30
August,26,10:00,,,,,,,,,671,1,0.002165,316.98,,,,,10:00
August,26,10:30,,,,,,,,,731,8,0.01095,327.38,,,,,10:30
August,26,11:00,,,,,,,,,769,6,0.007724,328.55,,,,,11:00
August,26,11:30,,,,,,,,,799,9,0.01068,327.92,,,,,11:30
August,26,12:00,,,,,,,,,801,8,0.010023,331.29,,,,,12:00
August,26,12:30,,,,,,,,,815,12,0.01432,333.71,,,,,12:30
August,26,13:00,,,,,,,,,806,8,0.009647,337.65,,,,,13:00
August,26,13:30,,,,,,,,,812,11,0.013015,340.0,,,,,13:30
August,26,14:00,,,,,,,,,809,6,0.00697,339.64,,,,,14:00
August,26,14:30,,,,,,,,,813,10,0.012612,339.77,,,,,14:30
August,26,15:00,,,,,,,,,794,5,0.006072,341.69,,,,,15:00
August,26,15:30,,,,,,,,,794,11,0.013255,347.48,,,,,15:30
August,26,16:00,,,,,,,,,789,9,0.011403,349.33,,,,,16:00
August,26,16:30,,,,,,,,,766,7,0.009533,350.04,,,,,16:30
August,26,17:00,,,,,,,,,727,16,0.021486,350.04,,,,,17:00
August,26,17:30,,,,,,,,,682,13,0.01933,349.44,,,,,17:30
August,26,18:00,,,,,,,,,601,9,0.015651,349.52,,,,,18:00
August,26,18:30,,,,,,,,,547,7,0.012348,348.28,,,,,18:30
August,26,19:00,,,,,,,,,458,6,0.012348,347.3,,,,,19:00
August,26,19:30,,,,,,,,,393,7,0.017377,343.39,,,,,19:30
August,26,20:00,,,,,,,,,337,4,0.01228,341.41,,,,,20:00
August,26,20:30,,,,,,,,,299,2,0.005634,338.5,,,,,20:30
August,26,21:00,,,,,,,,,262,0,0.0,341.39,,,,,21:00
August,26,21:30,,,,,,,,,217,0,0.002124,340.52,,,,,21:30
August,26,22:00,,,,,,,,,164,0,0.002787,334.57,,,,,22:00
August,26,22:30,,,,,,,,,133,0,0.0,325.92,,,,,22:30
August,26,23:00,,,,,,,,,106,0,0.00042,321.91,,,,,23:00
August,26,23:30,,,,,,,,,85,0,0.0,314.1,,,,,23:30
August,27,0:00,,,,,,,,,64,1,0.01149,320.15,,,,,0:00
August,27,0:30,,,,,,,,,49,1,0.01149,293.39,,,,,0:30
August,27,1:00,,,,,,,,,33,0,0.014908,306.13,,,,,1:00
August,27,1:30,,,,,,,,,23,1,0.026741,310.93,,,,,1:30
August,27,2:00,,,,,,,,,16,1,0.047419,239.85,,,,,2:00
August,27,2:30,,,,,,,,,14,0,0.029557,228.78,,,,,2:30
August,27,3:00,,,,,,,,,11,0,0.032617,278.64,,,,,3:00
August,27,3:30,,,,,,,,,11,0,0.007846,269.24,,,,,3:30
August,27,4:00,,,,,,,,,10,0,0.020228,230.18,,,,,4:00
August,27,4:30,,,,,,,,,11,0,0.024244,248.38,,,,,4:30
August,27,5:00,,,,,,,,,12,0,0.020429,202.81,,,,,5:00
August,27,5:30,,,,,,,,,17,1,0.036149,206.2,,,,,5:30
August,27,6:00,,,,,,,,,26,0,0.0,218.22,,,,,6:00
August,27,6:30,,,,,,,,,44,1,0.015218,217.31,,,,,6:30
August,27,7:00,,,,,,,,,77,0,0.0,231.6,,,,,7:00
August,27,7:30,,,,,,,,,127,0,0.0,255.34,,,,,7:30
August,27,8:00,,,,,,,,,235,0,0.0,279.63,,,,,8:00
August,27,8:30,,,,,,,,,346,0,0.0,309.64,,,,,8:30
August,27,9:00,,,,,,,,,491,0,0.0,314.82,,,,,9:00
August,27,9:30,,,,,,,,,615,2,0.002579,322.6,,,,,9:30
August,27,10:00,,,,,,,,,715,4,0.004995,326.91,,,,,10:00
August,27,10:30,,,,,,,,,800,14,0.017017,333.53,,,,,10:30
August,27,11:00,,,,,,,,,854,6,0.00729,340.48,,,,,11:00
August,27,11:30,,,,,,,,,891,11,0.01242,338.64,,,,,11:30
August,27,12:00,,,,,,,,,891,11,0.011898,340.1,,,,,12:00
August,27,12:30,,,,,,,,,905,13,0.014593,343.36,,,,,12:30
August,27,13:00,,,,,,,,,896,8,0.009291,346.79,,,,,13:00
August,27,13:30,,,,,,,,,904,17,0.01844,346.8,,,,,13:30
August,27,14:00,,,,,,,,,929,8,0.008151,347.95,,,,,14:00
August,27,14:30,,,,,,,,,938,12,0.013254,348.34,,,,,14:30
August,27,15:00,,,,,,,,,909,3,0.003769,350.27,,,,,15:00
August,27,15:30,,,,,,,,,904,7,0.007842,351.94,,,,,15:30
August,27,16:00,,,,,,,,,899,4,0.004713,351.68,,,,,16:00
August,27,16:30,,,,,,,,,868,3,0.003482,354.02,,,,,16:30
August,27,17:00,,,,,,,,,815,10,0.012808,354.02,,,,,17:00
August,27,17:30,,,,,,,,,765,8,0.010267,353.36,,,,,17:30
August,27,18:00,,,,,,,,,689,8,0.010983,354.46,,,,,18:00
August,27,18:30,,,,,,,,,610,6,0.009547,351.15,,,,,18:30
August,27,19:00,,,,,,,,,546,5,0.009897,349.71,,,,,19:00
August,27,19:30,,,,,,,,,488,8,0.016255,349.43,,,,,19:30
August,27,20:00,,,,,,,,,421,7,0.016906,346.04,,,,,20:00
August,27,20:30,,,,,,,,,363,2,0.004206,342.75,,,,,20:30
August,27,21:00,,,,,,,,,309,0,0.0,343.49,,,,,21:00
August,27,21:30,,,,,,,,,248,0,0.000762,339.89,,,,,21:30
August,27,22:00,,,,,,,,,199,0,0.001864,335.25,,,,,22:00
August,27,22:30,,,,,,,,,150,0,0.0,320.01,,,,,22:30
August,27,23:00,,,,,,,,,114,0,0.0,317.49,,,,,23:00
August,27,23:30,,,,,,,,,88,0,0.0,306.38,,,,,23:30
August,28,0:00,,,,,,,,,66,0,0.0,323.02,,,,,0:00
August,28,0:30,,,,,,,,,50,0,0.0,301.74,,,,,0:30
August,28,1:00,,,,,,,,,35,1,0.014733,311.04,,,,,1:00
August,28,1:30,,,,,,,,,26,0,0.01554,320.67,,,,,1:30
August,28,2:00,,,,,,,,,18,1,0.039456,335.33,,,,,2:00
August,28,2:30,,,,,,,,,16,0,0.014657,329.84,,,,,2:30
August,28,3:00,,,,,,,,,12,0,0.024006,362.78,,,,,3:00
August,28,3:30,,,,,,,,,12,0,0.0,323.16,,,,,3:30
August,28,4:00,,,,,,,,,12,0,0.003875,281.07,,,,,4:00
August,28,4:30,,,,,,,,,13,0,0.003841,276.92,,,,,4:30
August,28,5:00,,,,,,,,,13,0,0.001345,304.07,,,,,5:00
August,28,5:30,,,,,,,,,17,0,0.014055,242.95,,,,,5:30
August,28,6:00,,,,,,,,,26,0,0.0,229.85,,,,,6:00
August,28,6:30,,,,,,,,,42,0,0.01091,229.22,,,,,6:30
August,28,7:00,,,,,,,,,74,0,0.0,227.85,,,,,7:00
August,28,7:30,,,,,,,,,117,0,0.0,253.74,,,,,7:30
August,28,8:00,,,,,,,,,219,0,0.0,270.05,,,,,8:00
August,28,8:30,,,,,,,,,332,0,0.0,294.44,,,,,8:30
August,28,9:00,,,,,,,,,442,0,0.0,297.16,,,,,9:00
August,28,9:30,,,,,,,,,580,2,0.004101,309.13,,,,,9:30
August,28,10:00,,,,,,,,,686,4,0.006199,320.96,,,,,10:00
August,28,10:30,,,,,,,,,746,11,0.014098,330.23,,,,,10:30
August,28,11:00,,,,,,,,,798,8,0.010642,333.15,,,,,11:00
August,28,11:30,,,,,,,,,831,12,0.014712,330.76,,,,,11:30
August,28,12:00,,,,,,,,,839,11,0.013327,334.14,,,,,12:00
August,28,12:30,,,,,,,,,850,14,0.01685,336.3,,,,,12:30
August,28,13:00,,,,,,,,,837,11,0.013068,339.42,,,,,13:00
August,28,13:30,,,,,,,,,845,14,0.016845,340.93,,,,,13:30
August,28,14:00,,,,,,,,,860,11,0.012741,341.15,,,,,14:00
August,28,14:30,,,,,,,,,860,12,0.014283,340.73,,,,,14:30
August,28,15:00,,,,,,,,,840,8,0.009365,343.41,,,,,15:00
August,28,15:30,,,,,,,,,819,19,0.023611,345.59,,,,,15:30
August,28,16:00,,,,,,,,,823,18,0.021492,347.11,,,,,16:00
August,28,16:30,,,,,,,,,794,11,0.014226,346.8,,,,,16:30
August,28,17:00,,,,,,,,,743,19,0.025108,346.8,,,,,17:00
August,28,17:30,,,,,,,,,691,15,0.021053,346.21,,,,,17:30
August,28,18:00,,,,,,,,,604,13,0.020769,345.15,,,,,18:00
August,28,18:30,,,,,,,,,545,10,0.019263,343.28,,,,,18:30
August,28,19:00,,,,,,,,,470,9,0.01983,342.22,,,,,19:00
August,28,19:30,,,,,,,,,406,8,0.020178,341.9,,,,,19:30
August,28,20:00,,,,,,,,,348,7,0.020027,339.98,,,,,20:00
August,28,20:30,,,,,,,,,292,3,0.010384,337.78,,,,,20:30
August,28,21:00,,,,,,,,,248,0,0.0,338.75,,,,,21:00
August,28,21:30,,,,,,,,,202,0,0.000459,337.42,,,,,21:30
August,28,22:00,,,,,,,,,163,0,0.000528,327.14,,,,,22:00
August,28,22:30,,,,,,,,,132,0,0.0,312.22,,,,,22:30
August,28,23:00,,,,,,,,,104,0,0.0,308.25,,,,,23:00
August,28,23:30,,,,,,,,,83,0,0.0,297.15,,,,,23:30
August,29,0:00,,,,,,,,,67,0,0.0,298.82,,,,,0:00
August,29,0:30,,,,,,,,,52,0,0.0,281.6,,,,,0:30
August,29,1:00,,,,,,,,,37,1,0.014555,294.54,,,,,1:00
August,29,1:30,,,,,,,,,28,0,0.015577,303.18,,,,,1:30
August,29,2:00,,,,,,,,,20,1,0.045238,360.12,,,,,2:00
August,29,2:30,,,,,,,,,17,0,0.024995,327.03,,,,,2:30
August,29,3:00,,,,,,,,,13,0,0.036876,353.79,,,,,3:00
August,29,3:30,,,,,,,,,13,0,0.0,302.61,,,,,3:30
August,29,4:00,,,,,,,,,12,0,0.005343,304.11,,,,,4:00
August,29,4:30,,,,,,,,,12,0,0.008362,297.1,,,,,4:30
August,29,5:00,,,,,,,,,11,0,0.000188,418.77,,,,,5:00
August,29,5:30,,,,,,,,,14,0,0.003712,346.19,,,,,5:30
August,29,6:00,,,,,,,,,22,0,0.0,306.12,,,,,6:00
August,29,6:30,,,,,,,,,39,0,0.000566,280.23,,,,,6:30
August,29,7:00,,,,,,,,,79,0,0.0,281.06,,,,,7:00
August,29,7:30,,,,,,,,,122,1,0.005467,267.69,,,,,7:30
August,29,8:00,,,,,,,,,223,1,0.004971,275.58,,,,,8:00
August,29,8:30,,,,,,,,,338,2,0.005421,286.8,,,,,8:30
August,29,9:00,,,,,,,,,448,0,0.0,296.71,,,,,9:00
August,29,9:30,,,,,,,,,588,4,0.007627,309.79,,,,,9:30
August,29,10:00,,,,,,,,,692,6,0.008425,323.7,,,,,10:00
August,29,10:30,,,,,,,,,755,12,0.016235,332.23,,,,,10:30
August,29,11:00,,,,,,,,,804,12,0.015168,334.8,,,,,11:00
August,29,11:30,,,,,,,,,827,16,0.019224,335.34,,,,,11:30
August,29,12:00,,,,,,,,,825,15,0.017606,338.82,,,,,12:00
August,29,12:30,,,,,,,,,838,17,0.020322,340.84,,,,,12:30
August,29,13:00,,,,,,,,,826,14,0.017483,340.77,,,,,13:00
August,29,13:30,,,,,,,,,840,17,0.020158,342.17,,,,,13:30
August,29,14:00,,,,,,,,,857,14,0.016237,341.59,,,,,14:00
August,29,14:30,,,,,,,,,858,14,0.015894,338.3,,,,,14:30
August,29,15:00,,,,,,,,,842,6,0.007356,340.35,,,,,15:00
August,29,15:30,,,,,,,,,817,13,0.016422,342.05,,,,,15:30
August,29,16:00,,,,,,,,,807,11,0.01392,341.48,,,,,16:00
August,29,16:30,,,,,,,,,783,6,0.007702,341.17,,,,,16:30
August,29,17:00,,,,,,,,,740,12,0.016501,333.98,,,,,17:00
August,29,17:30,,,,,,,,,689,10,0.015214,333.39,,,,,17:30
August,29,18:00,,,,,,,,,603,9,0.01516,343.49,,,,,18:00
August,29,18:30,,,,,,,,,544,8,0.015542,343.98,,,,,18:30
August,29,19:00,,,,,,,,,469,8,0.017974,339.72,,,,,19:00
August,29,19:30,,,,,,,,,402,7,0.017325,339.4,,,,,19:30
August,29,20:00,,,,,,,,,341,5,0.016091,338.3,,,,,20:00
August,29,20:30,,,,,,,,,289,4,0.012867,336.1,,,,,20:30
August,29,21:00,,,,,,,,,248,1,0.004377,338.94,,,,,21:00
August,29,21:30,,,,,,,,,203,0,0.00226,338.32,,,,,21:30
August,29,22:00,,,,,,,,,163,1,0.00325,336.73,,,,,22:00
August,29,22:30,,,,,,,,,132,0,0.001229,318.65,,,,,22:30
August,29,23:00,,,,,,,,,102,0,0.00186,315.04,,,,,23:00
August,29,23:30,,,,,,,,,83,0,0.001024,306.1,,,,,23:30
August,30,0:00,,,,,,,,,54,0,0.0,302.18,,,,,0:00
August,30,0:30,,,,,,,,,44,0,0.0,303.95,,,,,0:30
August,30,1:00,,,,,,,,,31,0,0.001495,279.75,,,,,1:00
August,30,1:30,,,,,,,,,22,0,0.008501,283.23,,,,,1:30
August,30,2:00,,,,,,,,,14,1,0.039583,314.09,,,,,2:00
August,30,2:30,,,,,,,,,11,0,0.025393,305.01,,,,,2:30
August,30,3:00,,,,,,,,,10,0,0.02276,327.9,,,,,3:00
August,30,3:30,,,,,,,,,10,0,0.0,309.87,,,,,3:30
August,30,4:00,,,,,,,,,9,0,0.006451,318.19,,,,,4:00
August,30,4:30,,,,,,,,,8,0,0.009152,298.9,,,,,4:30
August,30,5:00,,,,,,,,,8,0,0.004644,372.5,,,,,5:00
August,30,5:30,,,,,,,,,10,0,0.004426,331.93,,,,,5:30
August,30,6:00,,,,,,,,,14,0,0.000489,288.52,,,,,6:00
August,30,6:30,,,,,,,,,29,0,0.0,262.39,,,,,6:30
August,30,7:00,,,,,,,,,51,0,0.001658,257.3,,,,,7:00
August,30,7:30,,,,,,,,,81,1,0.010955,263.88,,,,,7:30
August,30,8:00,,,,,,,,,118,1,0.00972,282.27,,,,,8:00
August,30,8:30,,,,,,,,,150,1,0.00874,294.14,,,,,8:30
August,30,9:00,,,,,,,,,208,1,0.002726,285.76,,,,,9:00
August,30,9:30,,,,,,,,,243,1,0.003254,287.96,,,,,9:30
August,30,10:00,,,,,,,,,298,2,0.005244,295.5,,,,,10:00
August,30,10:30,,,,,,,,,347,4,0.011322,302.24,,,,,10:30
August,30,11:00,,,,,,,,,388,4,0.011049,307.59,,,,,11:00
August,30,11:30,,,,,,,,,402,6,0.014324,318.81,,,,,11:30
August,30,12:00,,,,,,,,,411,4,0.009166,317.71,,,,,12:00
August,30,12:30,,,,,,,,,420,5,0.011664,316.89,,,,,12:30
August,30,13:00,,,,,,,,,421,5,0.010903,318.55,,,,,13:00
August,30,13:30,,,,,,,,,429,6,0.013135,320.15,,,,,13:30
August,30,14:00,,,,,,,,,451,5,0.010541,320.37,,,,,14:00
August,30,14:30,,,,,,,,,451,4,0.009085,317.46,,,,,14:30
August,30,15:00,,,,,,,,,441,0,0.00072,318.05,,,,,15:00
August,30,15:30,,,,,,,,,429,2,0.004596,319.74,,,,,15:30
August,30,16:00,,,,,,,,,409,1,0.003501,316.41,,,,,16:00
August,30,16:30,,,,,,,,,400,1,0.002423,317.64,,,,,16:30
August,30,17:00,,,,,,,,,382,2,0.004188,310.45,,,,,17:00
August,30,17:30,,,,,,,,,364,2,0.004839,311.9,,,,,17:30
August,30,18:00,,,,,,,,,339,2,0.004833,319.13,,,,,18:00
August,30,18:30,,,,,,,,,322,2,0.005898,319.31,,,,,18:30
August,30,19:00,,,,,,,,,274,2,0.008331,316.86,,,,,19:00
August,30,19:30,,,,,,,,,243,3,0.011137,316.82,,,,,19:30
August,30,20:00,,,,,,,,,230,3,0.011352,313.41,,,,,20:00
August,30,20:30,,,,,,,,,206,1,0.004737,312.04,,,,,20:30
August,30,21:00,,,,,,,,,172,0,0.001622,314.21,,,,,21:00
August,30,21:30,,,,,,,,,148,0,0.003085,314.42,,,,,21:30
August,30,22:00,,,,,,,,,125,1,0.005384,325.46,,,,,22:00
August,30,22:30,,,,,,,,,105,0,0.003287,319.6,,,,,22:30
August,30,23:00,,,,,,,,,81,0,0.002986,311.85,,,,,23:00
August,30,23:30,,,,,,,,,69,0,0.003349,300.47,,,,,23:30
August,31,0:00,,,,,,,,,53,0,0.0,305.39,,,,,0:00
August,31,0:30,,,,,,,,,42,0,0.0,304.0,,,,,0:30
August,31,1:00,,,,,,,,,28,0,0.0,298.35,,,,,1:00
August,31,1:30,,,,,,,,,20,0,0.00743,303.18,,,,,1:30
August,31,2:00,,,,,,,,,11,0,0.013344,315.08,,,,,2:00
August,31,2:30,,,,,,,,,8,0,0.0,310.22,,,,,2:30
August,31,3:00,,,,,,,,,8,0,0.0,303.44,,,,,3:00
August,31,3:30,,,,,,,,,8,0,0.0,265.01,,,,,3:30
August,31,4:00,,,,,,,,,7,0,0.001437,302.78,,,,,4:00
August,31,4:30,,,,,,,,,6,0,0.007004,288.73,,,,,4:30
August,31,5:00,,,,,,,,,6,0,0.002883,402.0,,,,,5:00
August,31,5:30,,,,,,,,,7,0,0.0,359.71,,,,,5:30
August,31,6:00,,,,,,,,,11,0,0.0,298.94,,,,,6:00
August,31,6:30,,,,,,,,,31,0,0.00055,270.72,,,,,6:30
August,31,7:00,,,,,,,,,65,0,0.003804,259.44,,,,,7:00
August,31,7:30,,,,,,,,,103,2,0.014596,249.59,,,,,7:30
August,31,8:00,,,,,,,,,162,2,0.012323,268.79,,,,,8:00
August,31,8:30,,,,,,,,,234,3,0.011395,270.89,,,,,8:30
August,31,9:00,,,,,,,,,292,2,0.005346,273.6,,,,,9:00
August,31,9:30,,,,,,,,,336,0,0.000146,289.16,,,,,9:30
August,31,10:00,,,,,,,,,418,1,0.003116,299.82,,,,,10:00
August,31,10:30,,,,,,,,,472,3,0.006792,300.32,,,,,10:30
August,31,11:00,,,,,,,,,510,2,0.004021,305.53,,,,,11:00
August,31,11:30,,,,,,,,,527,4,0.007912,308.07,,,,,11:30
August,31,12:00,,,,,,,,,521,2,0.002987,306.97,,,,,12:00
August,31,12:30,,,,,,,,,532,4,0.007028,312.44,,,,,12:30
August,31,13:00,,,,,,,,,522,1,0.00248,316.52,,,,,13:00
August,31,13:30,,,,,,,,,530,3,0.006029,319.97,,,,,13:30
August,31,14:00,,,,,,,,,553,0,0.0,320.18,,,,,14:00
August,31,14:30,,,,,,,,,555,1,0.001919,317.39,,,,,14:30
August,31,15:00,,,,,,,,,528,0,0.0,317.46,,,,,15:00
August,31,15:30,,,,,,,,,512,0,0.0,319.24,,,,,15:30
August,31,16:00,,,,,,,,,491,0,0.0,320.41,,,,,16:00
August,31,16:30,,,,,,,,,457,0,0.0,319.33,,,,,16:30
August,31,17:00,,,,,,,,,420,0,0.0,312.14,,,,,17:00
August,31,17:30,,,,,,,,,406,0,0.0,312.05,,,,,17:30
August,31,18:00,,,,,,,,,388,0,0.0,318.93,,,,,18:00
August,31,18:30,,,,,,,,,370,0,0.0,319.11,,,,,18:30
August,31,19:00,,,,,,,,,321,0,0.001385,319.38,,,,,19:00
August,31,19:30,,,,,,,,,281,1,0.005241,321.98,,,,,19:30
August,31,20:00,,,,,,,,,269,1,0.005306,321.83,,,,,20:00
August,31,20:30,,,,,,,,,244,0,0.000243,317.35,,,,,20:30
August,31,21:00,,,,,,,,,207,0,0.0,317.65,,,,,21:00
August,31,21:30,,,,,,,,,174,0,0.0,322.79,,,,,21:30
August,31,22:00,,,,,,,,,133,0,0.000959,326.15,,,,,22:00
August,31,22:30,,,,,,,,,109,0,0.0,315.02,,,,,22:30
August,31,23:00,,,,,,,,,85,0,0.0,310.57,,,,,23:00
August,31,23:30,,,,,,,,,69,0,0.0,297.33,,,,,23:30
